Timestamp,User Count,Type,Name,Requests/s,Failures/s,50%,66%,75%,80%,90%,95%,98%,99%,99.9%,99.99%,100%,Total Request Count,Total Failure Count,Total Median Response Time,Total Average Response Time,Total Min Response Time,Total Max Response Time,Total Average Content Size
1719703225,0,,Aggregated,0.0,0.0,,,,,,,,,,,,0,0,0,0.0,0.0,0.0,0.0
1719703226,100,,Aggregated,0.0,0.0,88.0,150.0,150.0,150.0,160.0,160.0,160.0,160.0,160.0,160.0,160.0,100,51,88,110.94341331801844,59.05279202852398,159.21245800564066,70.8
1719703227,200,,Aggregated,0.0,0.0,76.0,86.0,98.0,140.0,150.0,160.0,160.0,160.0,160.0,160.0,160.0,215,166,76,84.96286570565601,2.627291018143296,159.21245800564066,94.97674418604652
1719703228,300,,Aggregated,36.0,36.0,71.0,81.0,87.0,93.0,140.0,150.0,160.0,160.0,160.0,160.0,160.0,367,318,71,70.76001476686149,1.5124590136110785,159.21245800564066,103.68392370572208
1719703229,400,,Aggregated,75.0,50.5,66.0,77.0,83.0,87.0,98.0,150.0,160.0,160.0,160.0,160.0,160.0,544,495,66,62.01896055041716,1.3482500216923654,159.21245800564066,107.69117647058825
1719703230,500,,Aggregated,86.333333,70.0,60.0,73.0,80.0,85.0,94.0,140.0,150.0,160.0,160.0,160.0,160.0,782,733,60,53.77714818714501,1.0829160455614328,159.21245800564066,110.21994884910484
1719703231,600,,Aggregated,105.25,93.0,54.0,69.0,77.0,82.0,92.0,100.0,150.0,160.0,160.0,160.0,160.0,1037,988,54,48.43713058941893,1.0644159629009664,159.21245800564066,111.64127290260366
1719703232,700,,Aggregated,119.6,109.8,48.0,66.0,74.0,79.0,89.0,96.0,150.0,160.0,160.0,160.0,160.0,1323,1274,48,44.258125104539474,1.0010830010287464,159.21245800564066,112.58352229780802
1719703233,800,,Aggregated,138.333333,130.166667,42.0,63.0,72.0,78.0,88.0,95.0,150.0,150.0,160.0,160.0,160.0,1622,1573,41,41.65171018668706,1.0010830010287464,159.21245800564066,113.21331689272505
1719703234,900,,Aggregated,158.428571,151.428571,27.0,61.0,71.0,76.0,87.0,95.0,140.0,150.0,160.0,160.0,160.0,1978,1929,27,39.03406330461296,1.0010830010287464,159.21245800564066,113.71486349848333
1719703235,1000,,Aggregated,173.25,167.125,12.0,60.0,71.0,77.0,89.0,98.0,130.0,150.0,160.0,160.0,160.0,2376,2327,12,38.13498602904789,1.0010830010287464,159.21245800564066,114.0976430976431
1719703236,1100,,Aggregated,186.777778,181.333333,9.0,56.0,68.0,75.0,87.0,96.0,120.0,150.0,160.0,160.0,160.0,2799,2750,9,35.44730843587091,1.0010830010287464,159.21245800564066,114.38513754912468
1719703237,1200,,Aggregated,200.8,195.9,8.0,51.0,64.0,71.0,85.0,94.0,110.0,150.0,160.0,160.0,160.0,3289,3240,8,32.95663363587249,1.0010830010287464,159.21245800564066,114.62572210398298
1719703238,1300,,Aggregated,240.8,235.9,7.0,47.0,62.0,69.0,83.0,93.0,110.0,140.0,160.0,160.0,160.0,3750,3701,7,31.206028395984323,0.9492090321145952,159.21245800564066,114.79466666666669
1719703239,1400,,Aggregated,272.8,272.8,7.0,44.0,60.0,67.0,82.0,91.0,100.0,140.0,160.0,160.0,160.0,4249,4200,7,29.75974388680701,0.9492090321145952,159.21245800564066,114.9362202871264
1719703240,1500,,Aggregated,310.0,310.0,6.0,42.0,59.0,67.0,82.0,92.0,100.0,130.0,160.0,210.0,210.0,4792,4743,6,29.324124784602684,0.9492090321145952,209.91487498395145,115.0567612687813
1719703241,1600,,Aggregated,338.7,338.7,6.0,37.0,57.0,65.0,81.0,91.0,100.0,130.0,160.0,1000.0,1000.0,5381,5332,6,28.570782220595294,0.9492090321145952,1049.7088749543764,115.16000743356254
1719703242,1700,,Aggregated,366.0,366.0,6.0,35.0,57.0,66.0,83.0,93.0,110.0,130.0,160.0,1000.0,1000.0,5987,5938,6,28.470407077719923,0.9492090321145952,1049.7088749543764,115.24503090028396
1719703243,1800,,Aggregated,404.0,404.0,5.0,29.0,54.0,64.0,82.0,92.0,110.0,130.0,160.0,1000.0,1000.0,6647,6598,5,27.446375786958654,0.9492090321145952,1049.7088749543764,115.31999398224762
1719703244,1900,,Aggregated,428.3,428.3,5.0,23.0,52.0,62.0,81.0,91.0,100.0,120.0,160.0,1000.0,1000.0,7324,7275,5,26.385222656852864,0.9492090321145952,1049.7088749543764,115.38285090114692
1719703245,2000,,Aggregated,465.6,465.6,5.0,20.0,51.0,62.0,82.0,92.0,100.0,120.0,210.0,1000.0,1000.0,8031,7982,5,26.126925049115066,0.8970830240286887,1049.7088749543764,115.4371809239198
1719703246,2100,,Aggregated,502.5,502.5,5.0,17.0,50.0,61.0,80.0,91.0,100.0,120.0,1000.0,1100.0,1100.0,8777,8728,5,26.2311302326916,0.8970830240286887,1065.99508295767,115.48501765979265
1719703247,2200,,Aggregated,532.1,532.1,4.0,16.0,48.0,59.0,79.0,90.0,100.0,120.0,1000.0,1100.0,1100.0,9595,9546,4,25.521974252841915,0.8970830240286887,1065.99508295767,115.52892131318394
1719703248,2300,,Aggregated,565.1,565.1,4.0,12.0,46.0,58.0,78.0,89.0,100.0,120.0,220.0,1100.0,1100.0,10365,10316,4,24.75984286879348,0.8970830240286887,1065.99508295767,115.56391702846116
1719703249,2400,,Aggregated,595.9,595.9,4.0,10.0,44.0,56.0,77.0,88.0,100.0,120.0,220.0,1100.0,1100.0,11230,11181,4,23.895195020769723,0.8970830240286887,1065.99508295767,115.59750667853965
1719703250,2500,,Aggregated,629.4,629.4,4.0,10.0,42.0,54.0,76.0,87.0,99.0,110.0,220.0,1100.0,1100.0,12115,12066,4,23.29588612938224,0.8970830240286887,1065.99508295767,115.62690879075528
1719703251,2600,,Aggregated,662.2,662.2,4.0,9.0,41.0,53.0,76.0,86.0,98.0,110.0,210.0,1100.0,1100.0,13003,12954,4,22.82835155072665,0.8970830240286887,1065.99508295767,115.6523879104822
1719703252,2700,,Aggregated,703.5,703.5,4.0,8.0,40.0,52.0,75.0,85.0,97.0,110.0,210.0,1100.0,1100.0,13983,13934,4,22.21126301805342,0.8970830240286887,1065.99508295767,115.6767503396982
1719703253,2800,,Aggregated,730.4,730.4,3.0,8.0,38.0,51.0,74.0,85.0,96.0,110.0,210.0,1100.0,1100.0,14917,14868,3,21.77727394201076,0.8970830240286887,1065.99508295767,115.6969900113964
1719703254,2900,,Aggregated,766.6,766.6,3.0,8.0,38.0,51.0,75.0,85.0,98.0,110.0,210.0,1100.0,1100.0,15936,15887,3,21.716110738514796,0.8970830240286887,1065.99508295767,115.7163654618474
1719703255,3000,,Aggregated,800.4,800.4,3.0,8.0,40.0,52.0,75.0,85.0,98.0,110.0,1000.0,1100.0,1100.0,16371,16322,3,22.44104821620205,0.8970830240286887,1079.2599999695085,115.72390202186794
1719703256,3100,,Aggregated,824.6,824.6,3.0,9.0,40.0,52.0,75.0,85.0,98.0,110.0,1000.0,1100.0,1100.0,16472,16423,3,22.648429507744734,0.8970830240286887,1079.2599999695085,115.72559494900436
1719703257,3200,,Aggregated,824.6,824.6,3.0,9.0,40.0,52.0,75.0,85.0,98.0,110.0,1000.0,1100.0,1100.0,16472,16423,3,22.648429507744734,0.8970830240286887,1079.2599999695085,115.72559494900436
1719703258,3300,,Aggregated,827.6,827.6,3.0,10.0,41.0,53.0,75.0,85.0,97.0,110.0,1000.0,1100.0,1100.0,16635,16586,3,22.832851879698143,0.8970830240286887,1079.2599999695085,115.7282837391043
1719703259,3400,,Aggregated,763.5,763.5,4.0,10.0,42.0,54.0,75.0,86.0,100.0,120.0,1000.0,1100.0,1100.0,16720,16671,4,23.167674617274244,0.8970830240286887,1079.2599999695085,115.72966507177034
1719703260,3500,,Aggregated,681.9,681.9,4.0,10.0,42.0,53.0,75.0,86.0,100.0,120.0,1000.0,1100.0,1100.0,16812,16763,4,23.13706013446115,0.8970830240286887,1079.2599999695085,115.73114442065192
1719703261,3600,,Aggregated,620.5,620.5,4.0,11.0,42.0,54.0,75.0,86.0,100.0,120.0,1000.0,1100.0,1100.0,16990,16941,4,23.70252664933919,0.8970830240286887,1079.2599999695085,115.73396115361976
1719703262,3700,,Aggregated,542.7,542.7,4.0,13.0,43.0,55.0,76.0,87.0,100.0,130.0,1100.0,6800.0,6800.0,17209,17160,4,27.111151726364884,0.8970830240286887,6775.265415955801,115.73734673717242
1719703263,3800,,Aggregated,464.7,464.7,4.0,14.0,44.0,56.0,76.0,87.0,100.0,120.0,1100.0,6800.0,6800.0,17474,17425,4,27.340726532936813,0.8970830240286887,6775.265415955801,115.74132997596428
1719703264,3900,,Aggregated,393.8,393.8,4.0,15.0,44.0,56.0,77.0,88.0,100.0,120.0,1100.0,6800.0,6800.0,17751,17702,4,27.55717488566316,0.8970830240286887,6775.265415955801,115.7453664582277
1719703266,4000,,Aggregated,317.0,317.0,4.0,16.0,45.0,56.0,77.0,88.0,100.0,120.0,1100.0,6800.0,6800.0,18025,17976,4,27.634199723487026,0.8970830240286887,6775.265415955801,115.7492371705964
1719703267,4100,,Aggregated,176.9,176.9,4.0,17.0,46.0,58.0,78.0,90.0,110.0,140.0,1100.0,6800.0,6800.0,18425,18376,4,28.394332660300204,0.8970830240286887,6775.265415955801,115.75468113975576
1719703268,4200,,Aggregated,165.4,165.4,4.0,18.0,47.0,59.0,79.0,93.0,120.0,150.0,1300.0,6800.0,6800.0,18865,18816,4,30.0821878129726,0.8970830240286887,6775.265415955801,115.76040286244368
1719703269,4300,,Aggregated,193.4,193.4,4.0,20.0,49.0,61.0,82.0,100.0,150.0,290.0,1300.0,6800.0,13000.0,19288,19239,4,35.67552624087754,0.8970830240286887,13424.675667018164,115.765657403567
1719703270,4400,,Aggregated,229.0,229.0,4.0,23.0,51.0,63.0,84.0,100.0,150.0,380.0,1400.0,6800.0,13000.0,19733,19684,4,38.20611362620541,0.8970830240286887,13424.675667018164,115.77094207672428
1719703271,4500,,Aggregated,253.0,253.0,4.0,24.0,52.0,63.0,84.0,110.0,150.0,370.0,1400.0,6800.0,13000.0,20082,20033,4,38.28390626855603,0.8970830240286887,13424.675667018164,115.77492281645254
1719703272,4600,,Aggregated,275.9,275.9,4.0,26.0,53.0,64.0,86.0,110.0,160.0,370.0,1400.0,6800.0,13000.0,20650,20601,4,38.94131063474072,0.8970830240286887,13424.675667018164,115.7811138014528
1719703274,4700,,Aggregated,324.3,324.3,4.0,30.0,55.0,67.0,90.0,130.0,260.0,430.0,1500.0,6800.0,13000.0,21346,21297,4,46.90326213600349,0.8970830240286887,13424.675667018164,115.78825072613137
1719703276,4800,,Aggregated,343.4,343.4,5.0,34.0,58.0,69.0,97.0,150.0,370.0,1400.0,1600.0,6800.0,20000.0,22088,22039,5,57.06113668499168,0.8970830240286887,19529.438249999657,115.79536399855124
1719703277,4900,,Aggregated,410.3,410.3,5.0,37.0,61.0,72.0,110.0,180.0,440.0,1500.0,1600.0,6800.0,20000.0,22902,22853,5,67.72963118000746,0.8970830240286887,19529.438249999657,115.80263732425117
1719703278,5000,,Aggregated,406.3,406.3,5.0,41.0,64.0,76.0,120.0,240.0,1500.0,1600.0,1600.0,6800.0,20000.0,23462,23413,5,78.89313625725069,0.8970830240286887,19529.438249999657,115.80734805216946
1719703279,5000,,Aggregated,406.3,406.3,5.0,40.0,63.0,75.0,120.0,240.0,1400.0,1600.0,1600.0,6800.0,20000.0,23718,23669,5,78.10383885441344,0.8970830240286887,19529.438249999657,115.8094274390758
1719703281,5000,,Aggregated,451.9,451.9,5.0,44.0,68.0,79.0,150.0,300.0,1600.0,1600.0,2600.0,6800.0,20000.0,24531,24482,5,96.00281567891186,0.8970830240286887,19529.438249999657,115.81574334515513
1719703283,5000,,Aggregated,464.3,464.3,6.0,49.0,72.0,84.0,170.0,390.0,1600.0,1800.0,2600.0,26000.0,26000.0,25425,25376,6,117.692026146873,0.8970830240286887,26198.50341702113,115.82222222222222
1719703285,5000,,Aggregated,481.1,481.1,6.0,51.0,75.0,88.0,200.0,430.0,1800.0,1900.0,2600.0,26000.0,26000.0,26294,26245,6,132.23591722259596,0.8970830240286887,26198.50341702113,115.8280976648665
1719703286,5000,,Aggregated,485.2,485.2,7.0,55.0,78.0,96.0,270.0,1100.0,1800.0,2000.0,2600.0,26000.0,26000.0,27189,27140,7,148.17796608133426,0.8970830240286887,26198.50341702113,115.83375629850308
1719703287,5000,,Aggregated,442.6,442.6,7.0,56.0,79.0,98.0,280.0,1300.0,1800.0,2000.0,2600.0,26000.0,26000.0,27847,27798,7,154.35244044013965,0.8970830240286887,26198.50341702113,115.8376844902503
1719703288,5000,,Aggregated,496.3,496.3,7.0,54.0,78.0,95.0,280.0,1300.0,1800.0,2000.0,2600.0,26000.0,26000.0,28421,28372,7,152.09599833184836,0.8970830240286887,26198.50341702113,115.8409626684494
1719703289,5000,,Aggregated,480.6,480.6,6.0,52.0,77.0,94.0,280.0,1300.0,1800.0,2100.0,3300.0,26000.0,26000.0,28950,28901,6,155.4773635521962,0.8970830240286887,26198.50341702113,115.84386873920552
1719703290,5000,,Aggregated,488.8,488.8,6.0,53.0,77.0,96.0,280.0,1300.0,1900.0,2200.0,4400.0,26000.0,26000.0,29610,29561,6,161.5323088192063,0.8970830240286887,26198.50341702113,115.84734886862546
1719703291,5000,,Aggregated,503.2,503.2,6.0,51.0,76.0,93.0,270.0,1300.0,1900.0,2200.0,4400.0,26000.0,26000.0,30196,30147,6,158.53375798162213,0.8970830240286887,26198.50341702113,115.85031129950988
1719703292,5000,,Aggregated,524.0,524.0,6.0,49.0,75.0,91.0,260.0,1300.0,1900.0,2200.0,4400.0,26000.0,26000.0,30785,30736,6,155.77652852746428,0.8970830240286887,26198.50341702113,115.85317524768556
1719703293,5000,,Aggregated,541.1,541.1,6.0,50.0,75.0,92.0,260.0,1300.0,1900.0,2200.0,4400.0,26000.0,26000.0,31381,31332,6,153.76977067384288,0.8970830240286887,26198.50341702113,115.85596379975144
1719703294,5000,,Aggregated,526.5,526.5,6.0,50.0,76.0,93.0,260.0,1200.0,1800.0,2200.0,4400.0,26000.0,26000.0,31895,31846,6,151.9252975826597,0.8970830240286887,26198.50341702113,115.85828499764854
1719703295,5000,,Aggregated,556.6,556.6,6.0,49.0,75.0,91.0,250.0,1200.0,1800.0,2200.0,4300.0,26000.0,26000.0,32412,32363,6,149.68633414167306,0.8970830240286887,26198.50341702113,115.86054547698384
1719703296,5000,,Aggregated,551.0,551.0,6.0,49.0,75.0,91.0,250.0,1200.0,1800.0,2200.0,4300.0,26000.0,26000.0,33142,33093,6,148.8430421349898,0.8970830240286887,26198.50341702113,115.86361716251282
1719703298,5000,,Aggregated,599.4,599.4,6.0,49.0,75.0,92.0,240.0,1200.0,1800.0,2200.0,4300.0,26000.0,26000.0,33856,33807,6,147.47150344643788,0.8970830240286887,26198.50341702113,115.8664933837429
1719703299,5000,,Aggregated,573.3,573.3,6.0,50.0,76.0,93.0,240.0,1200.0,1800.0,2100.0,4300.0,26000.0,26000.0,34604,34555,6,147.10896729103555,0.8970830240286887,26198.50341702113,115.869379262513
1719703300,5000,,Aggregated,568.7,568.7,6.0,50.0,77.0,95.0,250.0,1200.0,1800.0,2100.0,4300.0,26000.0,26000.0,35346,35297,6,147.0577684480415,0.8970830240286887,26198.50341702113,115.87212131500029
1719703302,5000,,Aggregated,583.4,583.4,6.0,52.0,79.0,98.0,250.0,1200.0,1800.0,2000.0,4300.0,26000.0,26000.0,36088,36039,6,147.68495542894345,0.8970830240286887,26198.50341702113,115.87475060962092
1719703303,5000,,Aggregated,546.7,546.7,6.0,53.0,80.0,100.0,260.0,1300.0,1800.0,2000.0,4300.0,26000.0,26000.0,36875,36826,6,152.16784047536694,0.8970830240286887,26198.50341702113,115.87742372881355
1719703305,5000,,Aggregated,554.8,554.8,6.0,55.0,82.0,100.0,270.0,1300.0,1800.0,2000.0,4300.0,26000.0,26000.0,37601,37552,6,156.0387704640421,0.8970830240286887,26198.50341702113,115.87979043110556
1719703306,5000,,Aggregated,530.4,530.4,7.0,57.0,84.0,110.0,280.0,1300.0,1800.0,2000.0,4300.0,26000.0,26000.0,38176,38127,7,161.81712377675282,0.8970830240286887,26198.50341702113,115.88160100586757
1719703307,5000,,Aggregated,531.3,531.3,7.0,58.0,86.0,110.0,290.0,1400.0,1800.0,2100.0,4300.0,26000.0,26000.0,38516,38467,7,168.719521712203,0.8970830240286887,26198.50341702113,115.882646173019
1719703308,5000,,Aggregated,527.2,527.2,7.0,58.0,86.0,110.0,280.0,1400.0,1800.0,2100.0,4300.0,26000.0,26000.0,38615,38566,7,168.45381513604218,0.8970830240286887,26198.50341702113,115.8829470413052
1719703309,5000,,Aggregated,477.5,477.5,7.0,58.0,86.0,110.0,290.0,1500.0,1800.0,2200.0,4300.0,26000.0,26000.0,38987,38938,7,175.34602240744408,0.8970830240286887,26198.50341702113,115.88406391874214
1719703311,5000,,Aggregated,466.0,466.0,7.0,58.0,85.0,110.0,290.0,1500.0,1800.0,2200.0,4300.0,26000.0,26000.0,39136,39087,7,174.70242423489262,0.8970830240286887,26198.50341702113,115.88450531479968
1719703312,5000,,Aggregated,382.8,382.8,7.0,58.0,85.0,110.0,290.0,1400.0,1800.0,2200.0,4300.0,26000.0,26000.0,39490,39441,7,173.49434107979943,0.8970830240286887,26198.50341702113,115.8855406432008
1719703314,5000,,Aggregated,372.7,372.7,7.0,59.0,86.0,110.0,290.0,1500.0,1900.0,2600.0,6800.0,26000.0,26000.0,39977,39928,7,197.08642191949977,0.8970830240286887,26198.50341702113,115.88693498761788
1719703315,5000,,Aggregated,309.8,309.8,7.0,60.0,88.0,120.0,310.0,1600.0,2300.0,6700.0,7400.0,26000.0,26000.0,40540,40491,7,250.59135880074967,0.8970830240286887,26198.50341702113,115.88850518006907
1719703317,5000,,Aggregated,296.5,296.5,7.0,61.0,89.0,120.0,350.0,1600.0,3300.0,6800.0,8300.0,26000.0,26000.0,41118,41069,7,280.8206658657936,0.8970830240286887,26198.50341702113,115.89007247434212
1719703318,5000,,Aggregated,288.1,288.1,8.0,62.0,91.0,130.0,350.0,1600.0,3300.0,6800.0,8300.0,26000.0,26000.0,41767,41718,8,283.721106844651,0.8970830240286887,26198.50341702113,115.89178059233366
1719703319,5000,,Aggregated,294.2,294.2,8.0,63.0,94.0,130.0,360.0,1600.0,3500.0,6800.0,8300.0,26000.0,26000.0,42230,42181,8,288.8603933294378,0.8970830240286887,26198.50341702113,115.89296708501064
1719703320,5000,,Aggregated,294.2,294.2,8.0,62.0,93.0,130.0,360.0,1600.0,3300.0,6800.0,8300.0,26000.0,26000.0,42455,42406,8,287.3456800635073,0.8970830240286887,26198.50341702113,115.89353433046756
1719703322,5000,,Aggregated,357.1,357.1,8.0,64.0,96.0,130.0,370.0,1600.0,3500.0,7100.0,13000.0,26000.0,26000.0,43121,43072,8,314.88242360159944,0.8970830240286887,26198.50341702113,115.8951786832402
1719703323,5000,,Aggregated,346.7,346.7,9.0,65.0,98.0,140.0,380.0,1600.0,3500.0,7100.0,13000.0,26000.0,26000.0,43905,43856,9,321.1433621683801,0.8970830240286887,26198.50341702113,115.89705044983486
1719703325,5000,,Aggregated,366.5,366.5,9.0,66.0,100.0,140.0,380.0,1600.0,3500.0,7100.0,13000.0,26000.0,26000.0,44590,44541,9,320.08629837523034,0.8970830240286887,26198.50341702113,115.89863198026464
1719703326,5000,,Aggregated,439.0,439.0,9.0,67.0,100.0,140.0,380.0,1600.0,3500.0,7100.0,13000.0,26000.0,26000.0,45254,45205,9,318.82415012849555,0.8970830240286887,26198.50341702113,115.90011932646838
1719703328,5000,,Aggregated,410.3,410.3,9.0,67.0,100.0,140.0,390.0,1600.0,3500.0,7200.0,13000.0,26000.0,26000.0,45959,45910,9,331.95587493450006,0.8970830240286887,26198.50341702113,115.90165147196414
1719703329,5000,,Aggregated,457.2,457.2,9.0,68.0,100.0,140.0,390.0,1600.0,3500.0,7200.0,13000.0,26000.0,26000.0,46644,46595,9,329.6752085745131,0.8970830240286887,26198.50341702113,115.9030957893834
1719703330,5000,,Aggregated,421.9,421.9,9.0,68.0,100.0,140.0,390.0,1600.0,3500.0,7200.0,13000.0,26000.0,26000.0,47349,47300,9,327.426255895372,0.8970830240286887,26198.50341702113,115.9045386386196
1719703332,5000,,Aggregated,444.7,444.7,8.0,67.0,100.0,140.0,380.0,1600.0,3500.0,7100.0,13000.0,26000.0,26000.0,47997,47948,8,324.4629883846644,0.8970830240286887,26198.50341702113,115.9058274475488
1719703333,5000,,Aggregated,448.4,448.4,9.0,68.0,100.0,140.0,380.0,1600.0,3500.0,7100.0,13000.0,26000.0,26000.0,48629,48580,9,322.6711102434643,0.8970830240286887,26198.50341702113,115.90705134796109
1719703335,5000,,Aggregated,457.9,457.9,9.0,70.0,110.0,140.0,410.0,1600.0,6700.0,7400.0,26000.0,26000.0,27000.0,49549,49500,9,432.87181504592047,0.8970830240286887,26506.865124974865,115.90877717007407
1719703336,5000,,Aggregated,463.5,463.5,9.0,70.0,110.0,140.0,420.0,1600.0,6700.0,8100.0,26000.0,26000.0,27000.0,50270,50221,9,462.01676620908654,0.8970830240286887,27261.581624974497,115.9100855380943
1719703337,5000,,Aggregated,495.7,495.7,10.0,70.0,110.0,140.0,420.0,1600.0,6700.0,7800.0,26000.0,26000.0,27000.0,50835,50786,10,459.5136220533181,0.8970830240286887,27261.581624974497,115.91108488246287
1719703338,5000,,Aggregated,497.0,497.0,9.0,70.0,110.0,140.0,410.0,1600.0,6700.0,7800.0,26000.0,26000.0,27000.0,51452,51403,9,454.4625257310318,0.8970830240286887,27261.581624974497,115.91215113115136
1719703339,5000,,Aggregated,506.5,506.5,9.0,68.0,100.0,140.0,400.0,1600.0,6700.0,7800.0,26000.0,26000.0,27000.0,52055,52006,9,449.2760756041682,0.8970830240286887,27261.581624974497,115.9131687638075
1719703340,5000,,Aggregated,541.0,541.0,8.0,68.0,100.0,140.0,400.0,1600.0,6700.0,7800.0,26000.0,26000.0,27000.0,52551,52502,8,445.3572102195854,0.8970830240286887,27261.581624974497,115.91398831611195
1719703341,5000,,Aggregated,532.9,532.9,8.0,67.0,100.0,140.0,390.0,1600.0,6700.0,7800.0,26000.0,26000.0,27000.0,53126,53077,8,441.1052053279241,0.8970830240286887,27261.581624974497,115.91491924857884
1719703342,5000,,Aggregated,526.9,526.9,8.0,66.0,100.0,130.0,380.0,1600.0,6700.0,7500.0,26000.0,26000.0,27000.0,53782,53733,8,435.8438538333338,0.8970830240286887,27261.581624974497,115.91595701163958
1719703343,5000,,Aggregated,557.3,557.3,8.0,65.0,99.0,130.0,380.0,1600.0,6700.0,7400.0,26000.0,26000.0,27000.0,54492,54443,8,430.6524464421012,0.8970830240286887,27261.581624974497,115.91705204433678
1719703344,5000,,Aggregated,572.0,572.0,7.0,65.0,99.0,130.0,370.0,1600.0,4500.0,7400.0,26000.0,26000.0,27000.0,55247,55198,7,426.1829478655585,0.8970830240286887,27261.581624974497,115.91818560283816
1719703346,5000,,Aggregated,580.6,580.6,7.0,65.0,98.0,130.0,370.0,1600.0,4500.0,7400.0,26000.0,26000.0,27000.0,55976,55927,7,422.0228662964346,0.8970830240286887,27261.581624974497,115.91925110761755
1719703347,5000,,Aggregated,570.0,570.0,7.0,66.0,100.0,130.0,380.0,1600.0,4500.0,7400.0,26000.0,26000.0,27000.0,56538,56489,7,420.2254852805111,0.8970830240286887,27261.581624974497,115.92005376914642
1719703348,5000,,Aggregated,577.2,577.2,8.0,66.0,100.0,130.0,380.0,1600.0,4400.0,7400.0,26000.0,26000.0,27000.0,56974,56925,8,419.9871680738512,0.8970830240286887,27261.581624974497,115.92066556674976
1719703349,5000,,Aggregated,577.2,577.2,7.0,66.0,100.0,130.0,380.0,1600.0,4300.0,7400.0,26000.0,26000.0,27000.0,57468,57419,7,416.9021659628688,0.8970830240286887,27261.581624974497,115.92134753253984
1719703350,5000,,Aggregated,550.2,550.2,8.0,67.0,100.0,140.0,390.0,1600.0,4300.0,7400.0,26000.0,26000.0,27000.0,58227,58178,8,416.4594829299208,0.8970830240286887,27261.581624974497,115.92237278238618
1719703351,5000,,Aggregated,550.0,550.0,8.0,67.0,100.0,140.0,400.0,1600.0,4200.0,7400.0,26000.0,26000.0,27000.0,58722,58673,8,415.2449762705658,0.8970830240286887,27261.581624974497,115.923027144852
1719703352,5000,,Aggregated,567.5,567.5,8.0,67.0,100.0,140.0,390.0,1600.0,4200.0,7400.0,26000.0,26000.0,27000.0,59151,59102,8,412.3442929411977,0.8970830240286887,27261.581624974497,115.92358540007776
1719703353,5000,,Aggregated,556.2,556.2,8.0,67.0,100.0,140.0,390.0,1600.0,4200.0,7400.0,26000.0,26000.0,27000.0,59404,59355,8,414.1720244964991,0.8970830240286887,27261.581624974497,115.92391084775436
1719703355,5000,,Aggregated,501.4,501.4,8.0,67.0,100.0,140.0,400.0,1600.0,4200.0,7400.0,26000.0,26000.0,27000.0,59574,59525,8,415.5548965954269,0.8970830240286887,27261.581624974497,115.92412797529124
1719703356,5000,,Aggregated,486.1,486.1,8.0,68.0,100.0,140.0,410.0,1600.0,4100.0,7400.0,26000.0,26000.0,27000.0,60152,60103,8,419.5859378149743,0.8970830240286887,27261.581624974497,115.92485702886022
1719703357,5000,,Aggregated,432.7,432.7,8.0,68.0,110.0,140.0,410.0,1600.0,4100.0,7400.0,26000.0,26000.0,27000.0,60644,60595,8,417.4563662588839,0.8970830240286887,27261.581624974497,115.92546665787218
1719703359,5000,,Aggregated,417.6,417.6,8.0,69.0,110.0,140.0,430.0,1600.0,6700.0,7400.0,26000.0,26000.0,27000.0,61328,61279,8,432.71727801395406,0.8970830240286887,27261.581624974497,115.9262979389512
1719703361,5000,,Aggregated,378.4,378.4,8.0,69.0,110.0,140.0,430.0,1600.0,6700.0,7400.0,26000.0,26000.0,27000.0,61960,61911,8,438.57266769609146,0.8970830240286887,27261.581624974497,115.92704970949
1719703362,5000,,Aggregated,369.8,369.8,8.0,70.0,110.0,140.0,440.0,1600.0,6700.0,7400.0,26000.0,26000.0,27000.0,62600,62551,8,442.1563428100648,0.8970830240286887,27261.581624974497,115.92779552715656
1719703363,5000,,Aggregated,330.9,330.9,8.0,70.0,110.0,140.0,470.0,1600.0,6700.0,7400.0,26000.0,26000.0,27000.0,63267,63218,8,439.67874930128,0.8970830240286887,27261.581624974497,115.92855675154505
1719703365,5000,,Aggregated,382.8,382.8,8.0,70.0,110.0,140.0,430.0,1600.0,6700.0,7400.0,26000.0,26000.0,27000.0,63868,63819,8,436.2382681514439,0.8970830240286887,27261.581624974497,115.92922903488444
1719703367,5000,,Aggregated,388.4,388.4,9.0,71.0,110.0,140.0,500.0,1600.0,6800.0,8300.0,26000.0,26000.0,27000.0,64668,64619,9,468.500053815854,0.8970830240286887,27261.581624974497,115.93010453392714
1719703368,5000,,Aggregated,425.0,425.0,9.0,71.0,110.0,140.0,560.0,1600.0,6800.0,8200.0,26000.0,26000.0,27000.0,65401,65352,9,466.8944576489944,0.8970830240286887,27261.581624974497,115.93088790691274
1719703370,5000,,Aggregated,416.6,416.6,9.0,72.0,110.0,150.0,560.0,1600.0,6800.0,8200.0,26000.0,26000.0,27000.0,66097,66048,9,465.04275403239575,0.8970830240286887,27261.581624974497,115.93161565577864
1719703372,5000,,Aggregated,420.3,420.3,9.0,73.0,110.0,150.0,670.0,1600.0,6800.0,8200.0,26000.0,26000.0,27000.0,66910,66861,9,463.5387293761568,0.8970830240286887,27261.581624974497,115.93244657001942
1719703373,5000,,Aggregated,475.0,475.0,10.0,73.0,110.0,150.0,900.0,1600.0,6800.0,8300.0,26000.0,26000.0,27000.0,67673,67624,10,476.252989158206,0.8970830240286887,27261.581624974497,115.93320822189057
1719703374,5000,,Aggregated,435.1,435.1,10.0,74.0,120.0,150.0,950.0,1600.0,6800.0,8300.0,26000.0,26000.0,27000.0,68435,68386,10,479.1527841250479,0.8970830240286887,27261.581624974497,115.93395192518447
1719703375,5000,,Aggregated,456.2,456.2,10.0,74.0,120.0,150.0,1000.0,1600.0,6800.0,8300.0,26000.0,26000.0,27000.0,68947,68898,10,477.6711052561882,0.8970830240286887,27261.581624974497,115.9344423977838
1719703376,5000,,Aggregated,485.9,485.9,10.0,74.0,120.0,150.0,950.0,1600.0,6800.0,8300.0,26000.0,26000.0,27000.0,69170,69121,10,476.140011109815,0.8970830240286887,27261.581624974497,115.93465375162644
1719703378,5000,,Aggregated,456.7,456.7,10.0,74.0,120.0,150.0,930.0,1600.0,6800.0,8300.0,26000.0,26000.0,27000.0,69894,69845,10,473.0324324263736,0.8970830240286887,27261.581624974497,115.93533064354594
1719703379,5000,,Aggregated,494.3,494.3,10.0,75.0,120.0,150.0,950.0,1600.0,6800.0,8300.0,26000.0,26000.0,27000.0,70537,70488,10,471.37973127375466,0.8970830240286887,27261.581624974497,115.93592015537943
1719703381,5000,,Aggregated,454.5,454.5,11.0,76.0,120.0,160.0,1100.0,1600.0,6800.0,13000.0,26000.0,26000.0,27000.0,71475,71426,11,527.9378213161712,0.8970830240286887,27261.581624974497,115.93676110528156
1719703382,5000,,Aggregated,471.6,471.6,11.0,77.0,120.0,160.0,1200.0,1600.0,6800.0,13000.0,26000.0,27000.0,27000.0,72281,72232,11,528.1779828625763,0.8970830240286887,27261.581624974497,115.93746627744495
1719703383,5000,,Aggregated,476.5,476.5,11.0,77.0,120.0,160.0,1200.0,1600.0,6800.0,13000.0,26000.0,27000.0,27000.0,72997,72948,11,524.4068246669973,0.8970830240286887,27261.581624974497,115.93807964710878
1719703384,5000,,Aggregated,527.3,527.3,11.0,76.0,120.0,150.0,1100.0,1600.0,6800.0,13000.0,26000.0,27000.0,27000.0,73632,73583,11,520.511361016749,0.8970830240286887,27261.581624974497,115.93861364624075
1719703386,5000,,Aggregated,507.0,507.0,11.0,76.0,120.0,150.0,1100.0,1600.0,6800.0,13000.0,26000.0,27000.0,27000.0,74345,74296,11,516.6166408245131,0.8970830240286887,27261.581624974497,115.93920236734144
1719703387,5000,,Aggregated,520.7,520.7,11.0,76.0,120.0,150.0,1100.0,1600.0,6800.0,13000.0,26000.0,27000.0,27000.0,75082,75033,11,512.6720703732357,0.8970830240286887,27261.581624974497,115.93979915292611
1719703389,5000,,Aggregated,520.6,520.6,11.0,76.0,120.0,150.0,1100.0,1600.0,6800.0,13000.0,26000.0,27000.0,27000.0,75840,75791,11,511.95836193049024,0.8970830240286887,27261.581624974497,115.94040084388186
1719703390,5000,,Aggregated,547.6,547.6,11.0,77.0,120.0,150.0,1100.0,1600.0,6800.0,13000.0,26000.0,27000.0,27000.0,76641,76592,11,509.5359331817484,0.8970830240286887,27261.581624974497,115.9410237340327
1719703392,5000,,Aggregated,532.7,532.7,11.0,77.0,120.0,160.0,1100.0,1600.0,6800.0,13000.0,26000.0,27000.0,27000.0,77401,77352,11,507.7500463903799,0.8970830240286887,27261.581624974497,115.94160282166897
1719703393,5000,,Aggregated,561.7,561.7,12.0,78.0,120.0,160.0,1100.0,1600.0,6800.0,13000.0,26000.0,27000.0,27000.0,78033,77984,12,505.612634961768,0.8970830240286887,27261.581624974497,115.94207578844848
1719703394,5000,,Aggregated,521.8,521.8,12.0,78.0,120.0,160.0,1100.0,1600.0,6800.0,13000.0,26000.0,27000.0,27000.0,78542,78493,12,505.8364546126555,0.8970830240286887,27261.581624974497,115.94245117262102
1719703395,5000,,Aggregated,521.8,521.8,12.0,78.0,120.0,160.0,1100.0,1600.0,6800.0,13000.0,26000.0,27000.0,27000.0,78652,78603,12,505.1366152425892,0.8970830240286887,27261.581624974497,115.9425316584448
1719703396,5000,,Aggregated,520.7,520.7,13.0,78.0,120.0,160.0,1100.0,1600.0,6800.0,13000.0,26000.0,27000.0,27000.0,79048,78999,13,504.0326330359676,0.8970830240286887,27261.581624974497,115.94281955267684
1719703398,5000,,Aggregated,501.0,501.0,13.0,79.0,120.0,160.0,1100.0,1600.0,6800.0,13000.0,26000.0,27000.0,27000.0,79436,79387,13,503.6716502594789,0.8970830240286887,27261.581624974497,115.94309884687044
1719703399,5000,,Aggregated,439.0,439.0,12.0,78.0,120.0,160.0,1100.0,1600.0,6800.0,13000.0,26000.0,27000.0,27000.0,79682,79633,12,502.1600754949257,0.8970830240286887,27261.581624974497,115.9432745162019
1719703401,5000,,Aggregated,406.6,406.6,13.0,79.0,120.0,160.0,1200.0,1600.0,6800.0,13000.0,26000.0,26000.0,27000.0,80210,80161,13,514.4171226618545,0.8970830240286887,27261.581624974497,115.94364792419898
1719703402,5000,,Aggregated,347.5,347.5,13.0,79.0,120.0,160.0,1200.0,1600.0,6800.0,13000.0,26000.0,26000.0,27000.0,80705,80656,13,520.3773597141557,0.8970830240286887,27261.581624974497,115.94399355678088
1719703403,5000,,Aggregated,311.8,311.8,13.0,79.0,120.0,160.0,1200.0,1600.0,6800.0,13000.0,26000.0,26000.0,27000.0,81204,81155,13,524.3581639259736,0.8970830240286887,27261.581624974497,115.94433771735382
1719703404,5000,,Aggregated,327.6,327.6,13.0,80.0,120.0,160.0,1200.0,1700.0,6800.0,13000.0,26000.0,26000.0,27000.0,81552,81503,13,524.952804012319,0.8970830240286887,27261.581624974497,115.94457524033746
1719703405,5000,,Aggregated,297.3,297.3,13.0,80.0,120.0,160.0,1200.0,1700.0,6800.0,13000.0,26000.0,26000.0,27000.0,81939,81890,13,526.6480876787917,0.8970830240286887,27261.581624974497,115.94483701289984
1719703406,5000,,Aggregated,274.1,274.1,13.0,79.0,120.0,160.0,1200.0,1700.0,6800.0,13000.0,26000.0,26000.0,27000.0,82205,82156,13,525.8577358486272,0.8970830240286887,27261.581624974497,115.94501551000548
1719703408,5000,,Aggregated,307.6,307.6,13.0,80.0,120.0,160.0,1300.0,1700.0,6800.0,13000.0,26000.0,26000.0,27000.0,82814,82765,13,546.526177949044,0.8970830240286887,27261.581624974497,115.945419856546
1719703409,5000,,Aggregated,290.7,290.7,14.0,81.0,130.0,160.0,1300.0,1800.0,6900.0,13000.0,26000.0,26000.0,27000.0,83470,83421,14,566.1767018007987,0.8970830240286887,27261.581624974497,115.94584880795496
1719703411,5000,,Aggregated,337.8,337.8,15.0,81.0,130.0,160.0,1300.0,1700.0,6900.0,13000.0,26000.0,26000.0,27000.0,84056,84007,15,564.6297227629633,0.8970830240286887,27261.581624974497,115.94622632530694
1719703412,5000,,Aggregated,375.6,375.6,15.0,82.0,130.0,160.0,1300.0,1700.0,6900.0,13000.0,26000.0,26000.0,27000.0,84679,84630,15,561.2692717252895,0.8970830240286887,27261.581624974497,115.94662194877124
1719703413,5000,,Aggregated,384.6,384.6,15.0,82.0,130.0,160.0,1300.0,1800.0,6900.0,13000.0,26000.0,26000.0,27000.0,84762,84713,15,562.0931784188041,0.8970830240286887,27261.581624974497,115.94667421721998
1719703414,5000,,Aggregated,384.6,384.6,16.0,83.0,130.0,170.0,1300.0,1700.0,6900.0,13000.0,26000.0,26000.0,27000.0,85264,85215,16,560.3998347343985,0.8970830240286887,27261.581624974497,115.94698817789454
1719703416,5000,,Aggregated,406.0,406.0,17.0,84.0,130.0,170.0,1300.0,1800.0,7000.0,13000.0,26000.0,26000.0,27000.0,86139,86090,17,580.8430341535571,0.8970830240286887,27261.581624974497,115.94752667200687
1719703417,5000,,Aggregated,408.6,408.6,18.0,84.0,130.0,170.0,1300.0,1800.0,7100.0,14000.0,26000.0,26000.0,27000.0,86802,86753,18,592.1047526410026,0.8970830240286887,27261.581624974497,115.94792746710904
1719703419,5000,,Aggregated,404.9,404.9,18.0,84.0,130.0,170.0,1300.0,1800.0,7100.0,14000.0,26000.0,26000.0,27000.0,87520,87471,18,589.9322558814409,0.8970830240286887,27261.581624974497,115.94835466179158
1719703420,5000,,Aggregated,438.9,438.9,18.0,84.0,130.0,170.0,1300.0,1800.0,7100.0,14000.0,26000.0,26000.0,27000.0,88229,88180,18,586.3866380295788,0.8970830240286887,27261.581624974497,115.94876967890376
1719703422,5000,,Aggregated,416.7,416.7,18.0,85.0,130.0,170.0,1300.0,1700.0,7100.0,14000.0,26000.0,26000.0,27000.0,88943,88894,18,583.0686005163567,0.8970830240286887,27261.581624974497,115.94918093610517
1719703423,5000,,Aggregated,460.5,460.5,19.0,85.0,130.0,170.0,1300.0,1700.0,7000.0,13000.0,26000.0,26000.0,27000.0,89649,89600,19,580.1268591586977,0.8970830240286887,27261.581624974497,115.94958114424033
1719703424,5000,,Aggregated,435.6,435.6,19.0,85.0,130.0,170.0,1300.0,1800.0,7200.0,14000.0,26000.0,26000.0,27000.0,90483,90434,19,625.1253787837484,0.8970830240286887,27261.581624974497,115.95004586496913
1719703426,5000,,Aggregated,494.6,494.6,19.0,86.0,130.0,170.0,1300.0,1800.0,7200.0,20000.0,26000.0,27000.0,27000.0,91211,91162,19,632.0651768043083,0.8970830240286887,27261.581624974497,115.95044457357118
1719703427,5000,,Aggregated,485.4,485.4,19.0,85.0,130.0,170.0,1300.0,1800.0,7200.0,20000.0,26000.0,27000.0,27000.0,91946,91897,19,628.5681600335083,0.8970830240286887,27261.581624974497,115.95084071085202
1719703428,5000,,Aggregated,507.4,507.4,19.0,85.0,130.0,170.0,1300.0,1800.0,7200.0,15000.0,26000.0,27000.0,27000.0,92598,92549,19,624.7875459192023,0.8970830240286887,27261.581624974497,115.95118685068792
1719703429,5000,,Aggregated,514.8,514.8,18.0,84.0,130.0,170.0,1300.0,1700.0,7200.0,20000.0,26000.0,27000.0,27000.0,93259,93210,18,624.0250674071035,0.8970830240286887,27261.581624974497,115.95153282793082
1719703430,5000,,Aggregated,524.0,524.0,17.0,84.0,130.0,170.0,1300.0,1700.0,7200.0,20000.0,26000.0,27000.0,27000.0,93869,93820,17,620.3681457250366,0.8970830240286887,27261.581624974497,115.95184778787458
1719703431,5000,,Aggregated,553.8,553.8,18.0,84.0,130.0,170.0,1300.0,1700.0,7200.0,15000.0,26000.0,27000.0,27000.0,94362,94313,18,618.2683285902729,0.8970830240286887,27261.581624974497,115.95209936203132
1719703432,5000,,Aggregated,542.6,542.6,18.0,84.0,130.0,170.0,1300.0,1700.0,7200.0,15000.0,26000.0,27000.0,27000.0,94780,94731,18,616.9675823377528,0.8970830240286887,27261.581624974497,115.9523106140536
1719703433,5000,,Aggregated,528.7,528.7,18.0,84.0,130.0,170.0,1300.0,1700.0,7200.0,14000.0,26000.0,27000.0,27000.0,95459,95410,18,613.0188243504615,0.8970830240286887,27261.581624974497,115.95264982872229
1719703435,5000,,Aggregated,569.8,569.8,18.0,84.0,130.0,170.0,1300.0,1700.0,7200.0,14000.0,26000.0,27000.0,27000.0,96091,96042,18,609.954551263465,0.8970830240286887,27261.581624974497,115.95296125547658
1719703436,5000,,Aggregated,563.3,563.3,19.0,84.0,130.0,170.0,1300.0,1700.0,7100.0,14000.0,26000.0,27000.0,27000.0,96603,96554,19,608.378730685891,0.8970830240286887,27261.581624974497,115.95321056281897
1719703437,5000,,Aggregated,542.3,542.3,18.0,84.0,130.0,170.0,1300.0,1700.0,7100.0,14000.0,26000.0,27000.0,27000.0,97129,97080,18,605.9075817418102,0.8970830240286887,27261.581624974497,115.95346395000465
1719703439,5000,,Aggregated,536.8,536.8,18.0,84.0,130.0,170.0,1300.0,1700.0,7100.0,14000.0,26000.0,27000.0,27000.0,97627,97578,18,603.1032966809803,0.8970830240286887,27261.581624974497,115.95370133262314
1719703440,5000,,Aggregated,469.1,469.1,18.0,84.0,130.0,160.0,1300.0,1700.0,7100.0,14000.0,26000.0,27000.0,27000.0,98085,98036,18,600.68690653347,0.8970830240286887,27261.581624974497,115.95391752051792
1719703442,5000,,Aggregated,456.9,456.9,18.0,84.0,130.0,160.0,1300.0,1700.0,7100.0,14000.0,26000.0,27000.0,27000.0,98630,98581,18,605.2033685727204,0.8970830240286887,27261.581624974497,115.95417215857243
1719703443,5000,,Aggregated,425.9,425.9,18.0,85.0,130.0,170.0,1300.0,1700.0,7100.0,14000.0,26000.0,27000.0,27000.0,99211,99162,18,610.4982434763738,0.8970830240286887,27261.581624974497,115.95444053582769
1719703444,5000,,Aggregated,398.9,398.9,18.0,85.0,130.0,170.0,1300.0,1700.0,7100.0,14000.0,26000.0,27000.0,27000.0,99632,99583,18,609.9196892517891,0.8970830240286887,27261.581624974497,115.9546330496226
1719703445,5000,,Aggregated,377.1,377.1,18.0,85.0,130.0,170.0,1300.0,1700.0,7200.0,14000.0,26000.0,27000.0,27000.0,99883,99834,18,610.9600313499453,0.8970830240286887,27261.581624974497,115.95474705405324
1719703446,5000,,Aggregated,372.4,372.4,18.0,85.0,130.0,160.0,1300.0,1700.0,7100.0,14000.0,26000.0,27000.0,27000.0,100328,100279,18,609.402652451603,0.8970830240286887,27261.581624974497,115.9549477713101
1719703448,5000,,Aggregated,365.1,365.1,18.0,85.0,130.0,160.0,1300.0,1700.0,7200.0,14000.0,26000.0,27000.0,27000.0,100976,100927,18,609.018049050036,0.8970830240286887,27261.581624974497,115.95523688797338
1719703449,5000,,Aggregated,370.8,370.8,19.0,85.0,130.0,170.0,1300.0,1800.0,7300.0,14000.0,26000.0,27000.0,27000.0,101700,101651,19,628.9611844431658,0.8970830240286887,27261.581624974497,115.95555555555556
1719703450,5000,,Aggregated,384.2,384.2,19.0,86.0,130.0,170.0,1300.0,1800.0,7400.0,14000.0,26000.0,27000.0,27000.0,102124,102075,19,634.8701551213886,0.8970830240286887,27261.581624974497,115.95574008068624
1719703451,5000,,Aggregated,401.3,401.3,18.0,86.0,130.0,170.0,1300.0,1800.0,7400.0,14000.0,26000.0,27000.0,27000.0,102633,102584,18,632.913522918241,0.8970830240286887,27261.581624974497,115.95595958414935
1719703452,5000,,Aggregated,408.8,408.8,18.0,85.0,130.0,170.0,1300.0,1800.0,7300.0,14000.0,26000.0,27000.0,27000.0,102934,102885,18,631.0832532427418,0.8970830240286887,27261.581624974497,115.95608836730332
1719703454,5000,,Aggregated,438.5,438.5,18.0,86.0,130.0,170.0,1300.0,1800.0,7300.0,14000.0,26000.0,27000.0,27000.0,103651,103602,18,628.1066893727168,0.8970830240286887,27261.581624974497,115.95639212356852
1719703455,5000,,Aggregated,425.6,425.6,19.0,86.0,130.0,170.0,1300.0,1800.0,7300.0,14000.0,26000.0,27000.0,27000.0,104429,104380,19,626.9839437089704,0.8970830240286887,27261.581624974497,115.95671700389738
1719703457,5000,,Aggregated,415.8,415.8,19.0,87.0,130.0,170.0,1300.0,1800.0,7400.0,14000.0,26000.0,27000.0,27000.0,105198,105149,19,635.7016562059114,0.8970830240286887,27261.581624974497,115.95703340367687
1719703459,5000,,Aggregated,432.0,432.0,20.0,88.0,130.0,170.0,1300.0,1800.0,7400.0,20000.0,26000.0,27000.0,27000.0,105991,105942,20,650.038661712702,0.8970830240286887,27261.581624974497,115.95735486975308
1719703460,5000,,Aggregated,485.9,485.9,21.0,89.0,140.0,180.0,1300.0,1800.0,7400.0,20000.0,26000.0,27000.0,27000.0,106765,106716,21,650.1154779367363,0.8970830240286887,27261.581624974497,115.95766402847374
1719703462,5000,,Aggregated,435.1,435.1,22.0,89.0,140.0,180.0,1300.0,1800.0,7400.0,20000.0,26000.0,27000.0,27000.0,107459,107410,22,649.1687209237386,0.8970830240286887,27261.581624974497,115.9579374459096
1719703463,5000,,Aggregated,445.1,445.1,22.0,89.0,140.0,180.0,1300.0,1800.0,7400.0,20000.0,26000.0,27000.0,27000.0,108193,108144,22,645.7996884809055,0.8970830240286887,27261.581624974497,115.95822280554196
1719703464,5000,,Aggregated,452.6,452.6,22.0,90.0,140.0,180.0,1300.0,1800.0,7400.0,20000.0,26000.0,27000.0,27000.0,108638,108589,22,644.1058568270856,0.8970830240286887,27261.581624974497,115.9583939321416
1719703465,5000,,Aggregated,452.6,452.6,22.0,90.0,140.0,180.0,1300.0,1800.0,7400.0,20000.0,26000.0,27000.0,27000.0,108936,108887,22,642.3530945863392,0.8970830240286887,27261.581624974497,115.95850774766836
1719703466,5000,,Aggregated,483.6,483.6,22.0,90.0,140.0,180.0,1300.0,1800.0,7400.0,20000.0,26000.0,27000.0,27000.0,109791,109742,22,655.5213385031115,0.8970830240286887,27261.581624974497,115.95883086956124
1719703467,5000,,Aggregated,459.8,459.8,22.0,90.0,140.0,180.0,1300.0,1800.0,7400.0,20000.0,26000.0,27000.0,27000.0,110519,110470,22,653.3138909527979,0.8970830240286887,27261.581624974497,115.95910205485028
1719703469,5000,,Aggregated,519.2,519.2,23.0,90.0,140.0,180.0,1300.0,1800.0,7400.0,20000.0,26000.0,27000.0,27000.0,111171,111122,23,652.463022387947,0.8970830240286887,27261.581624974497,115.95934191470798
1719703470,5000,,Aggregated,472.9,472.9,23.0,91.0,140.0,180.0,1300.0,1700.0,7400.0,20000.0,26000.0,27000.0,27000.0,111972,111923,23,654.983425225792,0.8970830240286887,27261.581624974497,115.9596327653342
1719703471,5000,,Aggregated,518.0,518.0,23.0,91.0,140.0,180.0,1300.0,1700.0,7400.0,20000.0,26000.0,27000.0,27000.0,112615,112566,23,652.2983581560654,0.8970830240286887,27261.581624974497,115.95986325089908
1719703473,5000,,Aggregated,527.5,527.5,23.0,91.0,140.0,180.0,1300.0,1700.0,7400.0,20000.0,26000.0,27000.0,27000.0,113164,113115,23,651.0413686676744,0.8970830240286887,27261.581624974497,115.9600579689654
1719703474,5000,,Aggregated,526.0,526.0,23.0,91.0,140.0,180.0,1300.0,1700.0,7400.0,20000.0,26000.0,27000.0,27000.0,113710,113661,23,650.0897391848823,0.8970830240286887,27261.581624974497,115.96024975815672
1719703476,5000,,Aggregated,498.3,498.3,23.0,91.0,140.0,180.0,1300.0,1700.0,7400.0,20000.0,26000.0,27000.0,27000.0,114168,114119,23,648.0724093754951,0.8970830240286887,27261.581624974497,115.96040922149814
1719703477,5000,,Aggregated,500.7,500.7,23.0,91.0,140.0,180.0,1300.0,1700.0,7400.0,20000.0,26000.0,27000.0,27000.0,114497,114448,23,646.3820435953562,0.8970830240286887,27261.581624974497,115.96052298313494
1719703478,5000,,Aggregated,437.7,437.7,24.0,91.0,140.0,180.0,1300.0,1700.0,7400.0,20000.0,26000.0,27000.0,27000.0,114956,114907,24,649.0448506938885,0.8970830240286887,27261.581624974497,115.96068060823272
1719703479,5000,,Aggregated,415.4,415.4,24.0,92.0,140.0,180.0,1300.0,1800.0,7400.0,20000.0,26000.0,27000.0,27000.0,115283,115234,24,652.0965113798791,0.8970830240286887,27261.581624974497,115.9607921376092
1719703480,5000,,Aggregated,415.4,415.4,24.0,92.0,140.0,180.0,1300.0,1800.0,7400.0,20000.0,26000.0,27000.0,27000.0,115441,115392,24,651.7322430663197,0.8970830240286887,27261.581624974497,115.96084580001906
1719703481,5000,,Aggregated,378.5,378.5,24.0,92.0,140.0,180.0,1300.0,1800.0,7400.0,20000.0,26000.0,27000.0,27000.0,115940,115891,24,652.9275810920602,0.8970830240286887,27261.581624974497,115.96101431775055
1719703483,5000,,Aggregated,352.1,352.1,24.0,92.0,140.0,180.0,1300.0,1800.0,7400.0,20000.0,26000.0,27000.0,27000.0,116491,116442,24,654.8704201160092,0.8970830240286887,27261.581624974497,115.96119871921437
1719703484,5000,,Aggregated,323.5,323.5,24.0,92.0,140.0,180.0,1300.0,1800.0,7400.0,20000.0,26000.0,27000.0,27000.0,117090,117041,24,657.43954674856,0.8970830240286887,27261.581624974497,115.96139721581687
1719703485,5000,,Aggregated,332.7,332.7,24.0,92.0,140.0,180.0,1300.0,1800.0,7400.0,20000.0,26000.0,27000.0,27000.0,117712,117663,24,666.5343937688729,0.8970830240286887,27261.581624974497,115.96160119613972
1719703486,5000,,Aggregated,325.3,325.3,24.0,92.0,140.0,180.0,1300.0,1800.0,7400.0,20000.0,26000.0,27000.0,27000.0,118175,118126,24,670.8279799555525,0.8970830240286887,27261.581624974497,115.96175163951766
1719703487,5000,,Aggregated,335.8,335.8,24.0,92.0,140.0,180.0,1300.0,1800.0,7400.0,20000.0,26000.0,27000.0,27000.0,118482,118433,24,669.3316556729969,0.8970830240286887,27261.581624974497,115.96185074526088
1719703489,5000,,Aggregated,354.4,354.4,24.0,92.0,140.0,180.0,1300.0,1800.0,7400.0,20000.0,26000.0,27000.0,27000.0,118847,118798,24,667.4775208028808,0.8970830240286887,27261.581624974497,115.9619679083191
1719703490,5000,,Aggregated,379.4,379.4,24.0,92.0,140.0,180.0,1300.0,1800.0,7400.0,20000.0,26000.0,27000.0,27000.0,119458,119409,24,664.9201764602567,0.8970830240286887,27261.581624974497,115.96216243365868
1719703491,5000,,Aggregated,389.1,389.1,24.0,92.0,140.0,180.0,1300.0,1800.0,7400.0,20000.0,26000.0,27000.0,27000.0,120070,120021,24,662.3435468230265,0.8970830240286887,27261.581624974497,115.9623552927459
1719703492,5000,,Aggregated,401.6,401.6,24.0,92.0,140.0,170.0,1300.0,1800.0,7400.0,20000.0,26000.0,27000.0,27000.0,120653,120604,24,660.1982120322548,0.8970830240286887,27261.581624974497,115.96253719343903
1719703493,5000,,Aggregated,405.4,405.4,24.0,93.0,140.0,180.0,1300.0,1800.0,7800.0,20000.0,26000.0,27000.0,27000.0,121162,121113,24,672.450761535436,0.8970830240286887,27261.581624974497,115.96269457420644
1719703494,5000,,Aggregated,419.9,419.9,24.0,93.0,140.0,180.0,1300.0,1800.0,8300.0,20000.0,26000.0,27000.0,27000.0,121534,121485,24,687.1056233303427,0.8970830240286887,27261.581624974497,115.96280876133429
1719703496,5000,,Aggregated,416.2,416.2,24.0,93.0,140.0,180.0,1300.0,1800.0,13000.0,20000.0,26000.0,27000.0,27000.0,122138,122089,24,692.1354148338506,0.8970830240286887,27261.581624974497,115.96299268041068
1719703497,5000,,Aggregated,426.5,426.5,24.0,93.0,140.0,180.0,1300.0,1800.0,12000.0,20000.0,26000.0,27000.0,27000.0,122799,122750,24,689.5168052031906,0.8970830240286887,27261.581624974497,115.96319188267006
1719703499,5000,,Aggregated,442.6,442.6,24.0,93.0,140.0,170.0,1300.0,1800.0,8600.0,20000.0,26000.0,27000.0,27000.0,123506,123457,24,686.6107847815813,0.8970830240286887,27261.581624974497,115.96340258772854
1719703500,5000,,Aggregated,438.2,438.2,23.0,93.0,140.0,170.0,1300.0,1800.0,8300.0,20000.0,26000.0,27000.0,27000.0,124217,124168,23,683.3986733781253,0.8970830240286887,27261.581624974497,115.96361206598132
1719703502,5000,,Aggregated,465.9,465.9,23.0,93.0,140.0,170.0,1300.0,1800.0,8300.0,20000.0,26000.0,27000.0,27000.0,124946,124897,23,680.727082590435,0.8970830240286887,27261.581624974497,115.96382437212876
1719703503,5000,,Aggregated,442.3,442.3,24.0,93.0,140.0,180.0,1300.0,1800.0,13000.0,20000.0,26000.0,27000.0,27000.0,125768,125719,24,706.8936465534667,0.8970830240286887,27261.581624974497,115.964060810381
1719703504,5000,,Aggregated,479.3,479.3,24.0,93.0,140.0,180.0,1400.0,1800.0,13000.0,20000.0,26000.0,27000.0,27000.0,126511,126462,24,711.4791720307599,0.8970830240286887,27261.581624974497,115.96427188149649
1719703506,5000,,Aggregated,496.5,496.5,24.0,93.0,140.0,180.0,1300.0,1800.0,13000.0,20000.0,26000.0,27000.0,27000.0,127184,127135,24,708.5445044222196,0.8970830240286887,27261.581624974497,115.96446093848284
1719703507,5000,,Aggregated,494.5,494.5,23.0,93.0,140.0,170.0,1300.0,1800.0,13000.0,20000.0,26000.0,27000.0,27000.0,127884,127835,23,706.0134692706534,0.8970830240286887,27261.581624974497,115.9646554690188
1719703508,5000,,Aggregated,504.6,504.6,23.0,93.0,140.0,170.0,1300.0,1800.0,13000.0,20000.0,26000.0,27000.0,27000.0,128424,128375,23,706.0486071405358,0.8970830240286887,27261.581624974497,115.9648040864636
1719703509,5000,,Aggregated,514.7,514.7,23.0,93.0,140.0,170.0,1300.0,1800.0,13000.0,20000.0,26000.0,27000.0,27000.0,128931,128882,23,707.0299321275932,0.8970830240286887,27261.581624974497,115.96494248861794
1719703510,5000,,Aggregated,532.0,532.0,23.0,93.0,140.0,170.0,1300.0,1800.0,13000.0,20000.0,26000.0,27000.0,27000.0,129310,129261,23,705.2950852472384,0.8970830240286887,27261.581624974497,115.96504524012065
1719703511,5000,,Aggregated,533.8,533.8,23.0,93.0,140.0,170.0,1300.0,1800.0,13000.0,20000.0,26000.0,27000.0,27000.0,129868,129819,23,702.6114911643087,0.8970830240286887,27261.581624974497,115.96519542920504
1719703512,5000,,Aggregated,516.5,516.5,23.0,93.0,140.0,170.0,1300.0,1800.0,13000.0,20000.0,26000.0,27000.0,27000.0,130494,130445,23,700.4334922789324,0.8970830240286887,27261.581624974497,115.96536239214063
1719703514,5000,,Aggregated,555.7,555.7,23.0,93.0,140.0,170.0,1300.0,1800.0,13000.0,20000.0,26000.0,27000.0,27000.0,131059,131010,23,698.3800383185737,0.8970830240286887,27261.581624974497,115.96551171609732
1719703515,5000,,Aggregated,505.2,505.2,23.0,93.0,140.0,170.0,1300.0,1800.0,13000.0,20000.0,26000.0,27000.0,27000.0,131616,131567,23,696.4592357682111,0.8970830240286887,27261.581624974497,115.9656576707999
1719703517,5000,,Aggregated,491.8,491.8,23.0,93.0,140.0,170.0,1300.0,1800.0,13000.0,20000.0,26000.0,27000.0,27000.0,132216,132167,23,696.2269421015744,0.8970830240286887,27261.581624974497,115.96581351727475
1719703518,5000,,Aggregated,471.5,471.5,23.0,93.0,140.0,170.0,1300.0,1800.0,13000.0,20000.0,26000.0,27000.0,27000.0,132896,132847,23,697.8319405134671,0.8970830240286887,27261.581624974497,115.96598844209004
1719703520,5000,,Aggregated,442.2,442.2,23.0,93.0,140.0,170.0,1300.0,1800.0,13000.0,20000.0,26000.0,27000.0,27000.0,133525,133476,23,696.2639378384555,0.8970830240286887,27261.581624974497,115.9661486612994
1719703521,5000,,Aggregated,444.9,444.9,23.0,93.0,140.0,170.0,1300.0,1800.0,13000.0,20000.0,26000.0,27000.0,27000.0,134196,134147,23,695.6188042322301,0.8970830240286887,27261.581624974497,115.96631792303796
1719703522,5000,,Aggregated,426.7,426.7,23.0,93.0,140.0,170.0,1300.0,1800.0,13000.0,20000.0,26000.0,27000.0,27000.0,134815,134766,23,694.1552083365192,0.8970830240286887,27261.581624974497,115.96647257352669
1719703524,5000,,Aggregated,435.3,435.3,23.0,94.0,140.0,170.0,1300.0,1800.0,13000.0,20000.0,26000.0,27000.0,27000.0,135553,135504,23,698.1590105954886,0.8970830240286887,27261.581624974497,115.96665510907172
1719703526,5000,,Aggregated,433.2,433.2,24.0,94.0,140.0,170.0,1300.0,1800.0,13000.0,20000.0,26000.0,27000.0,27000.0,136240,136191,24,695.6609930628692,0.8970830240286887,27261.581624974497,115.9668232530828
1719703527,5000,,Aggregated,452.7,452.7,24.0,94.0,140.0,170.0,1300.0,1800.0,13000.0,20000.0,26000.0,27000.0,27000.0,136918,136869,24,693.3007421556179,0.8970830240286887,27261.581624974497,115.96698753998744
1719703529,5000,,Aggregated,434.1,434.1,24.0,94.0,140.0,170.0,1300.0,1800.0,13000.0,20000.0,26000.0,27000.0,27000.0,137630,137581,24,691.2963105309635,0.8970830240286887,27261.581624974497,115.96715832304004
1719703530,5000,,Aggregated,454.3,454.3,24.0,94.0,140.0,170.0,1300.0,1800.0,13000.0,20000.0,26000.0,27000.0,27000.0,138240,138191,24,689.0964669677742,0.8970830240286887,27261.581624974497,115.96730324074076
1719703532,5000,,Aggregated,433.7,433.7,24.0,95.0,140.0,170.0,1300.0,1800.0,13000.0,20000.0,26000.0,27000.0,27000.0,139016,138967,24,693.6819697477853,0.8970830240286887,27261.581624974497,115.96748575703516
1719703533,5000,,Aggregated,454.2,454.2,24.0,95.0,140.0,170.0,1300.0,1800.0,13000.0,20000.0,26000.0,27000.0,27000.0,139790,139741,24,700.7509193193648,0.8970830240286887,27261.581624974497,115.96766578439087
1719703534,5000,,Aggregated,438.8,438.8,24.0,95.0,140.0,170.0,1300.0,1800.0,13000.0,20000.0,26000.0,27000.0,27000.0,140500,140451,24,704.2296913586779,0.8970830240286887,27261.581624974497,115.96782918149466
1719703535,5000,,Aggregated,476.7,476.7,25.0,95.0,140.0,170.0,1300.0,1800.0,13000.0,20000.0,26000.0,27000.0,27000.0,140995,140946,25,702.4469700093802,0.8970830240286887,27261.581624974497,115.9679421256073
1719703536,5000,,Aggregated,470.4,470.4,24.0,95.0,140.0,170.0,1300.0,1800.0,13000.0,20000.0,26000.0,27000.0,27000.0,141242,141193,24,701.7989704618087,0.8970830240286887,27261.581624974497,115.96799818750796
1719703538,5000,,Aggregated,444.2,444.2,24.0,96.0,140.0,170.0,1300.0,1800.0,13000.0,20000.0,26000.0,27000.0,27000.0,141966,141917,24,699.7642465741533,0.8970830240286887,27261.581624974497,115.96816139075553
1719703539,5000,,Aggregated,465.8,465.8,25.0,96.0,140.0,180.0,1300.0,1800.0,13000.0,20000.0,26000.0,27000.0,27000.0,142756,142707,25,698.4830061175301,0.8970830240286887,27261.581624974497,115.96833758300878
1719703541,5000,,Aggregated,456.6,456.6,26.0,97.0,140.0,180.0,1400.0,1800.0,13000.0,20000.0,26000.0,27000.0,27000.0,143602,143553,26,707.5627627732664,0.8970830240286887,27261.581624974497,115.96852411526302
1719703542,5000,,Aggregated,452.2,452.2,26.0,97.0,140.0,180.0,1400.0,1800.0,13000.0,20000.0,26000.0,27000.0,27000.0,144302,144253,26,707.4216447883697,0.8970830240286887,27261.581624974497,115.96867680281632
1719703544,5000,,Aggregated,486.8,486.8,26.0,97.0,140.0,180.0,1400.0,1800.0,13000.0,20000.0,26000.0,27000.0,27000.0,144970,144921,26,705.2664676990303,0.8970830240286887,27261.581624974497,115.96882113540732
1719703545,5000,,Aggregated,469.3,469.3,26.0,97.0,140.0,180.0,1400.0,1800.0,13000.0,20000.0,26000.0,27000.0,27000.0,145681,145632,26,706.9108540801324,0.8970830240286887,27261.581624974497,115.96897330468629
1719703547,5000,,Aggregated,471.3,471.3,25.0,97.0,140.0,180.0,1400.0,1800.0,13000.0,20000.0,26000.0,27000.0,27000.0,146275,146226,25,708.2152813739674,0.8970830240286887,27261.581624974497,115.96909929926508
1719703548,5000,,Aggregated,478.2,478.2,26.0,97.0,140.0,180.0,1400.0,1800.0,13000.0,20000.0,26000.0,27000.0,27000.0,146820,146771,26,707.7439718973226,0.8970830240286887,27261.581624974497,115.96921400354177
1719703550,5000,,Aggregated,470.4,470.4,26.0,97.0,140.0,180.0,1400.0,1800.0,13000.0,20000.0,26000.0,27000.0,27000.0,147435,147386,26,708.8346950973705,0.8970830240286887,27261.581624974497,115.96934242208432
1719703551,5000,,Aggregated,467.4,467.4,26.0,97.0,140.0,180.0,1400.0,1800.0,13000.0,20000.0,26000.0,27000.0,27000.0,148022,147973,26,712.4538675130208,0.8970830240286887,27261.581624974497,115.9694639985948
1719703552,5000,,Aggregated,467.9,467.9,26.0,97.0,140.0,180.0,1400.0,1800.0,13000.0,20000.0,26000.0,27000.0,27000.0,148488,148439,26,712.6391469058185,0.8970830240286887,27261.581624974497,115.96955982975057
1719703553,5000,,Aggregated,435.6,435.6,27.0,97.0,140.0,180.0,1400.0,1800.0,13000.0,20000.0,26000.0,27000.0,27000.0,148801,148752,27,712.647705571831,0.8970830240286887,27261.581624974497,115.96962386005472
1719703554,5000,,Aggregated,407.9,407.9,26.0,97.0,140.0,180.0,1400.0,1800.0,13000.0,20000.0,26000.0,27000.0,27000.0,149061,149012,26,712.9648371154001,0.8970830240286887,27261.581624974497,115.96967684370829
1719703556,5000,,Aggregated,402.6,402.6,26.0,97.0,140.0,180.0,1400.0,1800.0,13000.0,20000.0,26000.0,27000.0,27000.0,149530,149481,26,712.1491294696364,0.8970830240286887,27261.581624974497,115.96977195211664
1719703557,5000,,Aggregated,367.4,367.4,26.0,97.0,140.0,180.0,1400.0,1800.0,13000.0,20000.0,26000.0,27000.0,27000.0,150054,150005,26,711.8649059992341,0.8970830240286887,27261.581624974497,115.9698775107628
1719703558,5000,,Aggregated,352.8,352.8,26.0,97.0,140.0,180.0,1400.0,1800.0,13000.0,20000.0,26000.0,27000.0,27000.0,150558,150509,26,711.614381421562,0.8970830240286887,27261.581624974497,115.96997834721503
1719703560,5000,,Aggregated,375.4,375.4,26.0,97.0,140.0,180.0,1400.0,1800.0,13000.0,20000.0,26000.0,27000.0,27000.0,151230,151181,26,721.4051101013805,0.8970830240286887,27261.581624974497,115.97011175031408
1719703561,5000,,Aggregated,338.5,338.5,26.0,97.0,140.0,180.0,1400.0,1900.0,13000.0,20000.0,26000.0,27000.0,27000.0,151853,151804,26,721.9999904543981,0.8970830240286887,27261.581624974497,115.97023437139866
1719703563,5000,,Aggregated,379.5,379.5,26.0,98.0,140.0,180.0,1400.0,1800.0,13000.0,20000.0,26000.0,27000.0,27000.0,152453,152404,26,719.9943898507565,0.8970830240286887,27261.581624974497,115.97035151817282
1719703564,5000,,Aggregated,365.7,365.7,26.0,98.0,140.0,180.0,1400.0,1800.0,13000.0,20000.0,26000.0,27000.0,27000.0,153109,153060,26,718.096317556858,0.8970830240286887,27261.581624974497,115.97047854796256
1719703565,5000,,Aggregated,396.5,396.5,26.0,98.0,140.0,180.0,1400.0,1800.0,13000.0,20000.0,26000.0,27000.0,27000.0,153510,153461,26,717.2599294027424,0.8970830240286887,27261.581624974497,115.97055566412612
1719703566,5000,,Aggregated,405.4,405.4,26.0,98.0,140.0,180.0,1400.0,1800.0,13000.0,20000.0,26000.0,27000.0,27000.0,153685,153636,26,716.4987325217672,0.8970830240286887,27261.581624974497,115.9705891921788
1719703567,5000,,Aggregated,394.3,394.3,26.0,98.0,140.0,180.0,1400.0,1800.0,13000.0,20000.0,26000.0,27000.0,27000.0,154355,154306,26,718.2541696826439,0.8970830240286887,27261.581624974497,115.97071685400536
1719703569,5000,,Aggregated,415.3,415.3,26.0,98.0,140.0,180.0,1400.0,1800.0,13000.0,20000.0,26000.0,27000.0,27000.0,155064,155015,26,726.8439129344998,0.8970830240286887,27261.581624974497,115.97085074549864
1719703570,5000,,Aggregated,410.6,410.6,26.0,98.0,140.0,180.0,1400.0,1900.0,13000.0,20000.0,26000.0,27000.0,27000.0,155838,155789,26,736.1985654981694,0.8970830240286887,27261.581624974497,115.97099552098976
1719703572,5000,,Aggregated,450.6,450.6,26.0,98.0,140.0,180.0,1400.0,1900.0,13000.0,20000.0,26000.0,27000.0,27000.0,156572,156523,26,743.1287046605013,0.8970830240286887,27261.581624974497,115.97113149222083
1719703573,5000,,Aggregated,433.9,433.8,27.0,99.0,140.0,180.0,1400.0,1900.0,13000.0,20000.0,26000.0,27000.0,27000.0,157311,157262,27,740.628613079796,0.8970830240286887,27261.581624974497,115.97126710783098
1719703574,5000,,Aggregated,471.9,471.9,27.0,99.0,140.0,180.0,1400.0,1900.0,13000.0,20000.0,26000.0,27000.0,27000.0,157749,157700,27,739.7032976887842,0.8970830240286887,27261.581624974497,115.97134688650958
1719703575,5000,,Aggregated,471.9,471.9,27.0,99.0,140.0,180.0,1400.0,1900.0,13000.0,20000.0,26000.0,27000.0,27000.0,157964,157915,27,738.7015442813126,0.8970830240286887,27261.581624974497,115.9713858853916
1719703576,5000,,Aggregated,445.5,445.5,27.0,99.0,140.0,180.0,1400.0,1800.0,13000.0,20000.0,26000.0,27000.0,27000.0,158694,158645,27,736.9175226553866,0.8970830240286887,27261.581624974497,115.97151751168916
1719703577,5000,,Aggregated,476.4,476.4,27.0,99.0,140.0,180.0,1400.0,1800.0,13000.0,20000.0,26000.0,27000.0,27000.0,159382,159333,27,734.6975345909104,0.8970830240286887,27261.581624974497,115.9716404612817
1719703579,5000,,Aggregated,491.7,491.7,27.0,99.0,140.0,180.0,1400.0,1800.0,13000.0,20000.0,26000.0,26000.0,27000.0,160103,160054,27,739.0758550708939,0.8970830240286887,27261.581624974497,115.97176817423784
1719703580,5000,,Aggregated,489.2,489.2,27.0,99.0,140.0,180.0,1400.0,1800.0,13000.0,20000.0,26000.0,27000.0,27000.0,160884,160835,27,746.7943514276478,0.8970830240286887,27261.581624974497,115.9719052236394
1719703581,5000,,Aggregated,503.9,503.9,27.0,99.0,140.0,180.0,1400.0,1800.0,13000.0,20000.0,26000.0,27000.0,27000.0,161429,161380,27,745.6102606196048,0.8970830240286887,27261.581624974497,115.97200007433608
1719703582,5000,,Aggregated,502.4,502.4,27.0,99.0,140.0,180.0,1400.0,1800.0,13000.0,20000.0,26000.0,27000.0,27000.0,161966,161917,27,743.7327428180973,0.8970830240286887,27261.581624974497,115.97209290838818
1719703583,5000,,Aggregated,518.2,518.3,26.0,98.0,140.0,180.0,1400.0,1800.0,13000.0,20000.0,26000.0,27000.0,27000.0,162300,162251,26,744.459614446621,0.8970830240286887,27261.581624974497,115.97215033887862
1719703584,5000,,Aggregated,522.2,522.2,26.0,99.0,140.0,180.0,1400.0,1800.0,13000.0,20000.0,26000.0,27000.0,27000.0,162829,162780,26,742.4325547074098,0.8970830240286887,27261.581624974497,115.97224081705347
1719703585,5000,,Aggregated,502.6,502.6,26.0,99.0,140.0,180.0,1400.0,1800.0,13000.0,20000.0,26000.0,27000.0,27000.0,163411,163362,26,742.4026979339505,0.8970830240286887,27261.581624974497,115.97233968337504
1719703587,5000,,Aggregated,532.1,532.1,26.0,99.0,140.0,180.0,1400.0,1800.0,13000.0,20000.0,26000.0,27000.0,27000.0,163993,163944,26,740.6853267690155,0.8970830240286887,27261.581624974497,115.97243784795693
1719703588,5000,,Aggregated,481.1,481.1,26.0,99.0,140.0,180.0,1400.0,1800.0,13000.0,20000.0,26000.0,27000.0,27000.0,164465,164416,26,739.3762106062517,0.8970830240286887,27261.581624974497,115.9725169488949
1719703590,5000,,Aggregated,490.1,490.1,26.0,98.0,140.0,180.0,1400.0,1800.0,13000.0,20000.0,26000.0,27000.0,27000.0,165038,164989,26,737.8707929082274,0.8970830240286887,27261.581624974497,115.9726123680607
1719703591,5000,,Aggregated,464.1,464.1,26.0,98.0,140.0,180.0,1400.0,1800.0,13000.0,20000.0,26000.0,27000.0,27000.0,165539,165490,26,738.7151168359455,0.8970830240286887,27261.581624974497,115.9726952561028
1719703593,5000,,Aggregated,433.2,433.2,26.0,98.0,140.0,180.0,1400.0,1800.0,13000.0,20000.0,26000.0,27000.0,27000.0,166076,166027,26,737.7216024697569,0.8970830240286887,27261.581624974497,115.97278354488309
1719703594,5000,,Aggregated,404.3,404.3,26.0,98.0,140.0,180.0,1400.0,1800.0,13000.0,20000.0,26000.0,27000.0,27000.0,166672,166623,26,737.1536642936945,0.8970830240286887,27261.581624974497,115.97288086781224
1719703595,5000,,Aggregated,385.4,385.4,26.0,98.0,140.0,180.0,1400.0,1800.0,13000.0,20000.0,26000.0,27000.0,27000.0,167254,167205,26,739.1663031770122,0.8970830240286887,27261.581624974497,115.97297523527092
1719703597,5000,,Aggregated,391.6,391.6,26.0,98.0,140.0,180.0,1400.0,1900.0,13000.0,20000.0,26000.0,27000.0,27000.0,167916,167867,26,744.1783761561733,0.8970830240286887,27261.581624974497,115.97308177898474
1719703598,5000,,Aggregated,390.2,390.2,26.0,98.0,140.0,180.0,1400.0,1900.0,13000.0,20000.0,26000.0,27000.0,27000.0,168582,168533,26,744.5034111430278,0.8970830240286887,27261.581624974497,115.97318812210082
1719703600,5000,,Aggregated,392.3,392.3,26.0,98.0,140.0,180.0,1400.0,1900.0,13000.0,20000.0,26000.0,27000.0,27000.0,169184,169135,26,742.8140320591443,0.8970830240286887,27261.581624974497,115.9732835256289
1719703601,5000,,Aggregated,387.3,387.3,26.0,98.0,140.0,180.0,1400.0,1900.0,13000.0,20000.0,26000.0,27000.0,27000.0,169853,169804,26,740.6340856438092,0.8970830240286887,27261.581624974497,115.97338875380476
1719703602,5000,,Aggregated,414.6,414.6,26.0,98.0,140.0,180.0,1400.0,1800.0,13000.0,20000.0,26000.0,27000.0,27000.0,170487,170438,26,738.5953154897815,0.8970830240286887,27261.581624974497,115.9734877146058
1719703603,5000,,Aggregated,425.5,425.5,26.0,99.0,140.0,180.0,1400.0,1800.0,13000.0,20000.0,26000.0,27000.0,27000.0,170947,170898,26,737.3440065875639,0.8970830240286887,27261.581624974497,115.9735590563157
1719703604,5000,,Aggregated,411.2,411.2,26.0,99.0,140.0,180.0,1400.0,1800.0,13000.0,20000.0,26000.0,27000.0,27000.0,171263,171214,26,742.7250322320693,0.8970830240286887,27261.581624974497,115.97360784290828
1719703606,5000,,Aggregated,441.1,441.1,26.0,99.0,140.0,180.0,1400.0,1900.0,13000.0,20000.0,26000.0,27000.0,27000.0,171897,171848,26,746.1294764973326,0.8970830240286887,27261.581624974497,115.97370518391828
1719703607,5000,,Aggregated,441.3,441.3,26.0,99.0,140.0,180.0,1400.0,1900.0,13000.0,20000.0,26000.0,27000.0,27000.0,172592,172543,26,750.821845843138,0.8970830240286887,27261.581624974497,115.9738110688792
1719703609,5000,,Aggregated,458.4,458.4,26.0,99.0,140.0,180.0,1400.0,1900.0,13000.0,20000.0,26000.0,27000.0,27000.0,173331,173282,26,755.0204150558958,0.8970830240286887,27261.581624974497,115.97392272588284
1719703610,5000,,Aggregated,446.3,446.3,26.0,99.0,140.0,180.0,1400.0,1900.0,13000.0,20000.0,26000.0,27000.0,27000.0,174037,173988,26,752.8135427842851,0.8970830240286887,27261.581624974497,115.97402851117866
1719703612,5000,,Aggregated,471.4,471.4,26.0,99.0,140.0,180.0,1400.0,1900.0,13000.0,20000.0,26000.0,27000.0,27000.0,174775,174726,26,753.8421322695455,0.8970830240286887,27261.581624974497,115.97413817765698
1719703613,5000,,Aggregated,450.0,450.0,26.0,99.0,140.0,180.0,1400.0,1800.0,13000.0,20000.0,26000.0,27000.0,27000.0,175542,175493,26,752.0283255957792,0.8970830240286887,27261.581624974497,115.97425117635666
1719703615,5000,,Aggregated,482.6,482.6,26.0,99.0,140.0,180.0,1400.0,1800.0,13000.0,20000.0,26000.0,27000.0,27000.0,176303,176254,26,750.2292428881209,0.8970830240286887,27261.581624974497,115.974362319416
1719703616,5000,,Aggregated,467.8,467.8,26.0,99.0,140.0,180.0,1400.0,1800.0,13000.0,20000.0,26000.0,27000.0,27000.0,177052,177003,26,755.4442188753633,0.8970830240286887,27261.581624974497,115.97447077694687
1719703618,5000,,Aggregated,487.8,487.8,26.0,99.0,140.0,180.0,1400.0,1900.0,13000.0,20000.0,26000.0,27000.0,27000.0,177809,177760,26,759.2921911715995,0.8970830240286887,27261.581624974497,115.97457946448156
1719703619,5000,,Aggregated,492.7,492.7,26.0,99.0,140.0,180.0,1400.0,1900.0,13000.0,20000.0,26000.0,27000.0,27000.0,178474,178425,26,759.2811946847022,0.8970830240286887,27261.581624974497,115.97467418223384
1719703620,5000,,Aggregated,489.1,489.1,26.0,99.0,140.0,180.0,1400.0,1800.0,13000.0,20000.0,26000.0,27000.0,27000.0,179116,179067,26,757.9193892439743,0.8970830240286887,27261.581624974497,115.97476495678778
1719703622,5000,,Aggregated,513.0,513.0,26.0,99.0,140.0,180.0,1400.0,1800.0,13000.0,20000.0,26000.0,27000.0,27000.0,179712,179663,26,755.9085197686901,0.8970830240286887,27261.581624974497,115.97484864672364
1719703623,5000,,Aggregated,501.3,501.3,26.0,99.0,140.0,180.0,1400.0,1800.0,13000.0,20000.0,26000.0,27000.0,27000.0,180324,180275,26,755.1050328955133,0.8970830240286887,27261.581624974497,115.97493400767507
1719703624,5000,,Aggregated,493.7,493.7,26.0,99.0,140.0,180.0,1400.0,1800.0,13000.0,20000.0,26000.0,27000.0,27000.0,180926,180877,26,754.2763379669268,0.8970830240286887,27261.581624974497,115.975017410433
1719703626,5000,,Aggregated,489.9,489.9,26.0,99.0,140.0,180.0,1400.0,1800.0,13000.0,20000.0,26000.0,27000.0,27000.0,181419,181370,26,753.4315644856595,0.8970830240286887,27261.581624974497,115.97508529977566
1719703627,5000,,Aggregated,473.1,473.1,26.0,99.0,140.0,180.0,1400.0,1800.0,13000.0,20000.0,26000.0,27000.0,27000.0,182029,181980,26,752.6254607487341,0.8970830240286887,27261.581624974497,115.97516879178592
1719703629,5000,,Aggregated,452.1,452.1,26.0,99.0,140.0,180.0,1400.0,1800.0,13000.0,20000.0,26000.0,27000.0,27000.0,182658,182609,26,752.1617473130983,0.8970830240286887,27261.581624974497,115.97525430038652
1719703630,5000,,Aggregated,430.6,430.6,26.0,98.0,140.0,180.0,1400.0,1800.0,13000.0,20000.0,26000.0,27000.0,27000.0,183237,183188,26,751.1075529676342,0.8970830240286887,27261.581624974497,115.97533249289172
1719703631,5000,,Aggregated,419.7,419.7,26.0,98.0,140.0,180.0,1400.0,1800.0,13000.0,20000.0,26000.0,27000.0,27000.0,183830,183781,26,751.3597840980766,0.8970830240286887,27261.581624974497,115.97541206549528
1719703633,5000,,Aggregated,420.7,420.7,25.0,98.0,140.0,180.0,1400.0,1900.0,13000.0,20000.0,26000.0,27000.0,27000.0,184481,184432,25,752.2909657065111,0.8970830240286887,27261.581624974497,115.97549883185802
1719703634,5000,,Aggregated,411.8,411.8,25.0,98.0,140.0,180.0,1400.0,1900.0,13000.0,20000.0,26000.0,27000.0,27000.0,185083,185034,25,753.6699681638361,0.8970830240286887,27261.581624974497,115.97557852422968
1719703636,5000,,Aggregated,420.5,420.5,25.0,98.0,140.0,180.0,1400.0,1900.0,13000.0,20000.0,26000.0,27000.0,27000.0,185736,185687,25,752.6939125270338,0.8970830240286887,27261.581624974497,115.97566438385664
1719703637,5000,,Aggregated,419.1,419.1,25.0,98.0,140.0,180.0,1400.0,1900.0,13000.0,20000.0,26000.0,27000.0,27000.0,186411,186362,25,750.6373579976096,0.8970830240286887,27261.581624974497,115.97575250387584
1719703639,5000,,Aggregated,431.7,431.7,25.0,98.0,140.0,180.0,1400.0,1800.0,13000.0,20000.0,26000.0,27000.0,27000.0,187021,186972,25,749.1534884338853,0.8970830240286887,27261.581624974497,115.97583159110474
1719703640,5000,,Aggregated,442.4,442.4,25.0,98.0,140.0,170.0,1400.0,1800.0,13000.0,20000.0,26000.0,27000.0,27000.0,187695,187646,25,749.5908069483112,0.8970830240286887,27261.581624974497,115.97591837822
1719703641,5000,,Aggregated,436.3,436.3,25.0,98.0,140.0,170.0,1400.0,1800.0,13000.0,20000.0,26000.0,27000.0,27000.0,188390,188341,25,752.6120173370106,0.8970830240286887,27261.581624974497,115.97600721906684
1719703643,5000,,Aggregated,431.4,431.4,25.0,98.0,140.0,170.0,1400.0,1900.0,13000.0,20000.0,26000.0,27000.0,27000.0,188828,188779,25,756.4605151118333,0.8970830240286887,27261.581624974497,115.97606287203168
1719703645,5000,,Aggregated,464.9,464.9,25.0,98.0,140.0,180.0,1400.0,1900.0,13000.0,20000.0,26000.0,27000.0,27000.0,189581,189532,25,760.1157064572949,0.8970830240286887,27261.581624974497,115.9761579483176
1719703646,5000,,Aggregated,408.9,408.9,26.0,99.0,140.0,180.0,1400.0,1900.0,13000.0,20000.0,26000.0,27000.0,27000.0,190441,190392,26,765.7540862476031,0.8970830240286887,27261.581624974497,115.97626561507238
1719703648,5000,,Aggregated,435.6,435.6,26.0,99.0,140.0,180.0,1400.0,1900.0,13000.0,20000.0,26000.0,27000.0,27000.0,191140,191091,26,765.3079808720404,0.8970830240286887,27261.581624974497,115.97635241184472
1719703650,5000,,Aggregated,442.9,442.9,26.0,99.0,140.0,180.0,1400.0,1900.0,13000.0,20000.0,26000.0,27000.0,27000.0,191920,191871,26,763.3596656382548,0.8970830240286887,27261.581624974497,115.97644852021676
1719703651,5000,,Aggregated,468.8,468.8,26.0,99.0,140.0,180.0,1400.0,1900.0,13000.0,20000.0,26000.0,27000.0,27000.0,192630,192581,26,762.0328550154981,0.8970830240286887,27261.581624974497,115.9765353267923
1719703652,5000,,Aggregated,446.4,446.4,26.0,99.0,140.0,180.0,1400.0,1900.0,13000.0,20000.0,26000.0,27000.0,27000.0,193373,193324,26,764.4610735983659,0.8970830240286887,27261.581624974497,115.97662548546074
1719703654,5000,,Aggregated,469.9,469.9,26.0,99.0,140.0,180.0,1400.0,1900.0,13000.0,20000.0,26000.0,27000.0,27000.0,194105,194056,26,766.5122090536591,0.8970830240286887,27261.581624974497,115.97671363437316
1719703655,5000,,Aggregated,474.1,474.1,26.0,99.0,140.0,180.0,1400.0,1900.0,13000.0,20000.0,26000.0,27000.0,27000.0,194808,194759,26,768.7658576792111,0.8970830240286887,27261.581624974497,115.97679766744692
1719703657,5000,,Aggregated,512.4,512.4,26.0,100.0,140.0,180.0,1400.0,1900.0,13000.0,20000.0,26000.0,27000.0,27000.0,195409,195360,26,768.4216756722815,0.8970830240286887,27261.581624974497,115.97686902855035
1719703658,5000,,Aggregated,479.6,479.6,26.0,100.0,140.0,180.0,1400.0,1900.0,13000.0,20000.0,26000.0,27000.0,27000.0,196024,195975,26,767.6961016679777,0.8970830240286887,27261.581624974497,115.97694159898788
1719703659,5000,,Aggregated,474.2,474.2,25.0,99.0,140.0,180.0,1400.0,1900.0,13000.0,20000.0,26000.0,27000.0,27000.0,196631,196582,25,766.2760525827152,0.8970830240286887,27261.581624974497,115.97701278028389
1719703661,5000,,Aggregated,487.9,487.9,25.0,99.0,140.0,180.0,1400.0,1900.0,13000.0,20000.0,26000.0,27000.0,27000.0,197160,197111,25,765.4275504459836,0.8970830240286887,27261.581624974497,115.97707445729355
1719703662,5000,,Aggregated,485.2,485.2,25.0,99.0,140.0,180.0,1400.0,1900.0,13000.0,20000.0,26000.0,27000.0,27000.0,197678,197629,25,764.7728068929525,0.8970830240286887,27261.581624974497,115.97713453191554
1719703664,5000,,Aggregated,453.3,453.3,25.0,99.0,140.0,180.0,1400.0,1900.0,13000.0,20000.0,26000.0,27000.0,27000.0,198284,198235,25,765.8766272185651,0.8970830240286887,27261.581624974497,115.977204413871
1719703665,5000,,Aggregated,438.8,438.8,25.0,99.0,140.0,180.0,1400.0,1900.0,13000.0,20000.0,26000.0,27000.0,27000.0,198774,198725,25,765.1835730143933,0.8970830240286887,27261.581624974497,115.97726060752412
1719703666,5000,,Aggregated,417.9,417.9,25.0,99.0,140.0,180.0,1400.0,1900.0,13000.0,20000.0,26000.0,27000.0,27000.0,199109,199060,25,764.0490206818293,0.8970830240286887,27261.581624974497,115.97729886645004
1719703667,5000,,Aggregated,407.2,407.2,25.0,99.0,140.0,180.0,1400.0,1900.0,13000.0,20000.0,26000.0,27000.0,27000.0,199383,199334,25,764.6553977301718,0.8970830240286887,27261.581624974497,115.9773300632451
1719703668,5000,,Aggregated,407.2,407.2,25.0,99.0,140.0,170.0,1400.0,1900.0,13000.0,20000.0,26000.0,27000.0,27000.0,199766,199717,25,764.6138300170235,0.8970830240286887,27261.581624974497,115.9773735270266
1719703669,5000,,Aggregated,383.1,383.1,25.0,99.0,140.0,180.0,1400.0,1900.0,13000.0,20000.0,26000.0,27000.0,27000.0,200352,200303,25,768.5005060772862,0.8970830240286887,27261.581624974497,115.97743970611724
1719703671,5000,,Aggregated,374.7,374.7,24.0,99.0,140.0,170.0,1400.0,1900.0,13000.0,20000.0,26000.0,27000.0,27000.0,200859,200810,24,770.907579098858,0.8970830240286887,27261.581624974497,115.97749665188016
1719703672,5000,,Aggregated,384.3,384.3,25.0,99.0,140.0,180.0,1400.0,1900.0,13000.0,20000.0,26000.0,27000.0,27000.0,201417,201368,25,773.1286254001983,0.8970830240286887,27261.581624974497,115.9775589945238
1719703673,5000,,Aggregated,369.9,369.9,24.0,99.0,140.0,180.0,1400.0,1900.0,13000.0,20000.0,26000.0,27000.0,27000.0,201951,201902,24,772.2600600094793,0.8970830240286887,27261.581624974497,115.97761833316002
1719703675,5000,,Aggregated,375.4,375.4,24.0,99.0,140.0,180.0,1400.0,1900.0,13000.0,20000.0,26000.0,27000.0,27000.0,202585,202536,24,771.1146382627433,0.8970830240286887,27261.581624974497,115.977688377718
1719703676,5000,,Aggregated,390.5,390.5,24.0,99.0,140.0,170.0,1400.0,1900.0,13000.0,20000.0,26000.0,27000.0,27000.0,203196,203147,24,769.6797539328746,0.8970830240286887,27261.581624974497,115.97775546762732
1719703677,5000,,Aggregated,385.6,385.6,24.0,99.0,140.0,180.0,1400.0,1900.0,13000.0,20000.0,26000.0,27000.0,27000.0,203810,203761,24,769.0648828781151,0.8970830240286887,27261.581624974497,115.97782248172318
1719703678,5000,,Aggregated,401.3,401.3,25.0,99.0,140.0,180.0,1400.0,1900.0,13000.0,20000.0,26000.0,27000.0,27000.0,204302,204253,25,769.9004322627095,0.8970830240286887,27261.581624974497,115.9778758896144
1719703679,5000,,Aggregated,406.8,406.8,24.0,99.0,140.0,180.0,1400.0,1900.0,13000.0,20000.0,26000.0,27000.0,27000.0,204482,204433,24,769.3864150495988,0.8970830240286887,27261.581624974497,115.9778953648732
1719703681,5000,,Aggregated,404.4,404.4,25.0,99.0,140.0,180.0,1400.0,1900.0,13000.0,20000.0,26000.0,27000.0,27000.0,205169,205120,25,778.6619348972422,0.8970830240286887,27261.581624974497,115.97796938133928
1719703682,5000,,Aggregated,403.5,403.5,25.0,99.0,140.0,180.0,1400.0,1900.0,13000.0,20000.0,26000.0,27000.0,27000.0,205892,205843,25,780.76023321376,0.8970830240286887,27261.581624974497,115.9780467429526
1719703683,5000,,Aggregated,431.0,431.0,25.0,100.0,140.0,180.0,1400.0,1900.0,13000.0,20000.0,26000.0,27000.0,27000.0,206606,206557,25,787.6763989933572,0.8970830240286887,27261.581624974497,115.97812261018557
1719703684,5000,,Aggregated,441.8,441.8,25.0,100.0,140.0,180.0,1400.0,1900.0,13000.0,20000.0,26000.0,27000.0,27000.0,207302,207253,25,788.9344563153998,0.8970830240286887,27261.581624974497,115.97819606178426
1719703685,5000,,Aggregated,439.2,439.2,25.0,100.0,140.0,180.0,1400.0,1900.0,13000.0,20000.0,26000.0,27000.0,27000.0,207759,207710,25,790.6921675502784,0.8970830240286887,27261.581624974497,115.97824402312294
1719703686,5000,,Aggregated,460.3,460.3,25.0,100.0,140.0,180.0,1400.0,1900.0,13000.0,20000.0,26000.0,27000.0,27000.0,208238,208189,25,789.6145114810197,0.8970830240286887,27261.581624974497,115.97829406736524
1719703688,5000,,Aggregated,471.7,471.7,25.0,100.0,140.0,180.0,1400.0,1900.0,13000.0,20000.0,26000.0,27000.0,27000.0,208773,208724,25,791.5351121580037,0.8970830240286887,27261.581624974497,115.97834969081252
1719703689,5000,,Aggregated,508.5,508.5,25.0,100.0,140.0,180.0,1400.0,1900.0,13000.0,20000.0,26000.0,27000.0,27000.0,209574,209525,25,790.393390579077,0.8970830240286887,27261.581624974497,115.97843243913844
1719703690,5000,,Aggregated,496.3,496.3,24.0,99.0,140.0,180.0,1400.0,1900.0,13000.0,20000.0,26000.0,27000.0,27000.0,210140,210091,24,788.4725619699285,0.8970830240286887,27261.581624974497,115.97849053012276
1719703692,5000,,Aggregated,545.4,545.4,24.0,100.0,140.0,180.0,1400.0,1900.0,13000.0,20000.0,26000.0,27000.0,27000.0,210829,210780,24,788.3193546101877,0.8970830240286887,27261.581624974497,115.97856082417503
1719703693,5000,,Aggregated,523.6,523.6,24.0,100.0,140.0,180.0,1400.0,1900.0,13000.0,20000.0,26000.0,27000.0,27000.0,211671,211622,24,786.7849695465301,0.8970830240286887,27261.581624974497,115.97864610645766
1719703694,5000,,Aggregated,504.4,504.4,24.0,100.0,140.0,180.0,1400.0,1900.0,13000.0,20000.0,26000.0,27000.0,27000.0,212341,212292,24,785.8848906621307,0.8970830240286887,27261.581624974497,115.97871348444248
1719703696,5000,,Aggregated,531.9,531.9,24.0,100.0,140.0,180.0,1400.0,1900.0,13000.0,20000.0,26000.0,27000.0,27000.0,212962,212913,24,784.6231398268142,0.8970830240286887,27261.581624974497,115.97877555620252
1719703697,5000,,Aggregated,503.9,503.9,24.0,100.0,140.0,180.0,1400.0,1900.0,13000.0,20000.0,26000.0,27000.0,27000.0,213554,213505,24,782.7549079304393,0.8970830240286887,27261.581624974497,115.97883439317457
1719703698,5000,,Aggregated,513.9,513.9,24.0,99.0,140.0,180.0,1400.0,1900.0,13000.0,20000.0,26000.0,27000.0,27000.0,214088,214039,24,781.5592798631254,0.8970830240286887,27261.581624974497,115.97888718657748
1719703700,5000,,Aggregated,499.7,499.7,24.0,99.0,140.0,180.0,1400.0,1900.0,13000.0,20000.0,26000.0,27000.0,27000.0,214669,214620,24,780.2662226213546,0.8970830240286887,27261.581624974497,115.97894432824488
1719703701,5000,,Aggregated,458.5,458.5,24.0,99.0,140.0,170.0,1400.0,1900.0,13000.0,20000.0,26000.0,27000.0,27000.0,215317,215268,24,779.4460790550979,0.8970830240286887,27261.581624974497,115.97900769563016
1719703703,5000,,Aggregated,456.5,456.5,24.0,100.0,140.0,170.0,1400.0,1900.0,13000.0,20000.0,26000.0,27000.0,27000.0,215872,215823,24,779.084965371439,0.8970830240286887,27261.581624974497,115.97906166617254
1719703704,5000,,Aggregated,461.5,461.5,24.0,100.0,140.0,170.0,1400.0,1900.0,13000.0,20000.0,26000.0,27000.0,27000.0,216481,216432,24,779.4362905022807,0.8970830240286887,27261.581624974497,115.9791205694726
1719703706,5000,,Aggregated,430.2,430.2,24.0,100.0,140.0,180.0,1400.0,1900.0,13000.0,20000.0,26000.0,27000.0,27000.0,217090,217041,24,778.584298534451,0.8970830240286887,27261.581624974497,115.97917914229122
1719703707,5000,,Aggregated,428.2,428.2,24.0,100.0,140.0,180.0,1400.0,1900.0,13000.0,20000.0,26000.0,27000.0,27000.0,217696,217647,24,778.554382108579,0.8970830240286887,27261.581624974497,115.97923710127884
1719703709,5000,,Aggregated,412.8,412.8,24.0,100.0,140.0,170.0,1400.0,1900.0,13000.0,20000.0,26000.0,27000.0,27000.0,218269,218220,24,776.743733913813,0.8970830240286887,27261.581624974497,115.97929160806162
1719703710,5000,,Aggregated,414.5,414.5,24.0,99.0,140.0,170.0,1400.0,1900.0,13000.0,20000.0,26000.0,27000.0,27000.0,218934,218885,24,775.8129784726001,0.8970830240286887,27261.581624974497,115.97935450866473
1719703711,5000,,Aggregated,418.1,418.1,24.0,99.0,140.0,170.0,1400.0,1900.0,13000.0,20000.0,26000.0,27000.0,27000.0,219547,219498,24,773.9485350518269,0.8970830240286887,27261.581624974497,115.97941215320635
1719703713,5000,,Aggregated,426.2,426.2,23.0,99.0,140.0,170.0,1400.0,1900.0,13000.0,20000.0,26000.0,27000.0,27000.0,220174,220125,23,772.3018529645339,0.8970830240286887,27261.581624974497,115.97947078219951
1719703714,5000,,Aggregated,410.4,410.4,23.0,99.0,140.0,170.0,1400.0,1900.0,13000.0,20000.0,26000.0,27000.0,27000.0,220850,220801,23,777.3343848603723,0.8970830240286887,27261.581624974497,115.97953362010416
1719703716,5000,,Aggregated,438.0,438.0,23.0,99.0,140.0,170.0,1400.0,1900.0,13000.0,20000.0,26000.0,27000.0,27000.0,221556,221507,23,779.958862397532,0.8970830240286887,27261.581624974497,115.97959883731428
1719703717,5000,,Aggregated,438.0,438.0,23.0,99.0,140.0,170.0,1400.0,1900.0,13000.0,20000.0,26000.0,27000.0,27000.0,222157,222108,23,782.8245966175668,0.8970830240286887,27261.581624974497,115.97965402845736
1719703719,5000,,Aggregated,446.4,446.4,24.0,100.0,140.0,170.0,1400.0,1900.0,13000.0,20000.0,26000.0,27000.0,27000.0,222911,222862,24,785.3054723387579,0.8970830240286887,27261.581624974497,115.97972284902944
1719703721,5000,,Aggregated,412.2,412.2,24.0,100.0,140.0,180.0,1400.0,1900.0,13000.0,20000.0,26000.0,27000.0,27000.0,223731,223682,24,784.84561667457,0.8970830240286887,27261.581624974497,115.97979716713374
1719703722,5000,,Aggregated,425.6,425.6,24.0,100.0,140.0,180.0,1400.0,1900.0,13000.0,20000.0,26000.0,27000.0,27000.0,224442,224393,24,783.5475956298915,0.8970830240286887,27261.581624974497,115.97986116680478
1719703724,5000,,Aggregated,480.4,480.4,24.0,100.0,140.0,180.0,1400.0,1900.0,13000.0,20000.0,26000.0,27000.0,27000.0,225137,225088,24,781.4925418637021,0.8970830240286887,27261.581624974497,115.979923335569
1719703725,5000,,Aggregated,453.3,453.3,24.0,100.0,140.0,180.0,1400.0,1900.0,13000.0,20000.0,26000.0,27000.0,27000.0,225825,225776,24,782.4901268208299,0.8970830240286887,27261.581624974497,115.97998450127312
1719703727,5000,,Aggregated,442.5,442.5,24.0,100.0,140.0,180.0,1400.0,1900.0,13000.0,20000.0,26000.0,27000.0,27000.0,226553,226504,24,785.5274956690923,0.8970830240286887,27261.581624974497,115.98004881859872
1719703728,5000,,Aggregated,462.9,462.9,24.0,100.0,140.0,180.0,1400.0,1900.0,13000.0,20000.0,26000.0,27000.0,27000.0,227254,227205,24,789.3080045461237,0.8970830240286887,27261.581624974497,115.98011036109376
1719703729,5000,,Aggregated,439.6,439.6,24.0,100.0,140.0,180.0,1400.0,1900.0,13000.0,20000.0,26000.0,27000.0,27000.0,227941,227892,24,791.8792501760281,0.8970830240286887,27261.581624974497,115.98017030722862
1719703731,5000,,Aggregated,504.0,504.0,24.0,100.0,140.0,180.0,1400.0,1900.0,13000.0,20000.0,26000.0,27000.0,27000.0,228618,228569,24,791.9436069879056,0.8970830240286887,27261.581624974497,115.98022902833549
1719703732,5000,,Aggregated,485.6,485.6,24.0,100.0,140.0,180.0,1400.0,1900.0,13000.0,20000.0,26000.0,27000.0,27000.0,229275,229226,24,790.9703274574425,0.8970830240286887,27261.581624974497,115.9802856831316
1719703734,5000,,Aggregated,488.7,488.7,24.0,100.0,140.0,180.0,1400.0,1900.0,13000.0,20000.0,26000.0,27000.0,27000.0,229801,229752,24,790.3532245140676,0.8970830240286887,27261.581624974497,115.98033080795992
1719703735,5000,,Aggregated,487.5,487.5,24.0,100.0,140.0,180.0,1400.0,1900.0,13000.0,20000.0,26000.0,27000.0,27000.0,230360,230311,24,789.1853810107928,0.8970830240286887,27261.581624974497,115.9803785379406
1719703736,5000,,Aggregated,466.6,466.6,24.0,100.0,140.0,180.0,1400.0,1900.0,13000.0,20000.0,26000.0,27000.0,27000.0,230943,230894,24,789.1465888089464,0.8970830240286887,27261.581624974497,115.98042807099588
1719703738,5000,,Aggregated,464.4,464.4,24.0,100.0,140.0,180.0,1400.0,1900.0,13000.0,20000.0,26000.0,27000.0,27000.0,231555,231506,24,789.3991734085613,0.8970830240286887,27261.581624974497,115.98047979961564
1719703739,5000,,Aggregated,439.0,439.0,24.0,100.0,140.0,180.0,1400.0,1900.0,13000.0,20000.0,26000.0,27000.0,27000.0,232060,232011,24,788.3507300496481,0.8970830240286887,27261.581624974497,115.98052227872104
1719703741,5000,,Aggregated,435.8,435.8,24.0,100.0,140.0,170.0,1400.0,1900.0,13000.0,20000.0,26000.0,27000.0,27000.0,232640,232591,24,787.7872665399299,0.8970830240286887,27261.581624974497,115.98057083906464
1719703742,5000,,Aggregated,420.0,420.0,24.0,100.0,140.0,180.0,1400.0,1900.0,13000.0,20000.0,26000.0,27000.0,27000.0,233265,233216,24,790.1591368968435,0.8970830240286887,27261.581624974497,115.98062289670548
1719703743,5000,,Aggregated,402.2,402.2,24.0,100.0,140.0,170.0,1400.0,1900.0,13000.0,20000.0,26000.0,27000.0,27000.0,233828,233779,24,791.613975386729,0.8970830240286887,27261.581624974497,115.98066955197838
1719703744,5000,,Aggregated,405.6,405.6,25.0,100.0,140.0,180.0,1400.0,1900.0,13000.0,20000.0,26000.0,27000.0,27000.0,234206,234157,25,791.8680435418537,0.8970830240286887,27261.581624974497,115.98070075062124
1719703745,5000,,Aggregated,397.4,397.4,24.0,100.0,140.0,180.0,1400.0,1900.0,13000.0,20000.0,26000.0,27000.0,27000.0,234469,234420,24,791.4736738632953,0.8970830240286887,27261.581624974497,115.98072239827012
1719703747,5000,,Aggregated,402.7,402.7,24.0,100.0,140.0,180.0,1400.0,1900.0,13000.0,20000.0,26000.0,27000.0,27000.0,235133,235084,24,790.5496588587478,0.8970830240286887,27261.581624974497,115.9807768369391
1719703748,5000,,Aggregated,411.4,411.4,25.0,100.0,140.0,180.0,1400.0,1900.0,13000.0,20000.0,26000.0,27000.0,27000.0,235720,235671,25,789.0834751699099,0.8970830240286887,27261.581624974497,115.98082470727982
1719703749,5000,,Aggregated,419.0,419.0,24.0,100.0,140.0,170.0,1400.0,1900.0,13000.0,20000.0,26000.0,27000.0,27000.0,236369,236320,24,787.2819625814753,0.8970830240286887,27261.581624974497,115.98087735701382
1719703751,5000,,Aggregated,410.8,410.8,24.0,100.0,140.0,170.0,1400.0,1900.0,13000.0,20000.0,26000.0,27000.0,27000.0,236918,236869,24,785.9480698650556,0.8970830240286887,27261.581624974497,115.9809216691007
1719703752,5000,,Aggregated,433.9,433.9,24.0,100.0,140.0,170.0,1400.0,1900.0,13000.0,20000.0,26000.0,27000.0,27000.0,237478,237429,24,785.8020958381899,0.8970830240286887,27261.581624974497,115.9809666579641
1719703754,5000,,Aggregated,427.8,427.8,24.0,100.0,140.0,170.0,1400.0,1900.0,13000.0,20000.0,26000.0,27000.0,27000.0,238183,238134,24,792.1673779532574,0.8970830240286887,27261.581624974497,115.98102299492407
1719703755,5000,,Aggregated,430.4,430.4,25.0,100.0,140.0,170.0,1400.0,1900.0,13000.0,20000.0,26000.0,27000.0,27000.0,238879,238830,25,798.1140999759971,0.8970830240286887,27261.581624974497,115.98107828649653
1719703757,5000,,Aggregated,435.5,435.5,25.0,100.0,140.0,170.0,1400.0,1900.0,13000.0,20000.0,26000.0,27000.0,27000.0,239654,239605,25,800.4344224643654,0.8970830240286887,27261.581624974497,115.981139476078
1719703758,5000,,Aggregated,446.5,446.5,25.0,100.0,140.0,170.0,1400.0,1900.0,13000.0,20000.0,26000.0,27000.0,27000.0,240383,240334,25,802.5751691949239,0.8970830240286887,27261.581624974497,115.98119667364163
1719703760,5000,,Aggregated,452.1,452.1,24.0,100.0,140.0,170.0,1400.0,1900.0,13000.0,20000.0,26000.0,27000.0,27000.0,241095,241046,24,802.6825099615266,0.8970830240286887,27261.581624974497,115.98125220348824
1719703761,5000,,Aggregated,472.5,472.5,24.0,100.0,140.0,170.0,1400.0,1900.0,13000.0,20000.0,26000.0,27000.0,27000.0,241827,241778,24,800.8864770087446,0.8970830240286887,27261.581624974497,115.98130895226753
1719703763,5000,,Aggregated,451.3,451.3,25.0,100.0,140.0,170.0,1400.0,1900.0,13000.0,20000.0,26000.0,27000.0,27000.0,242552,242503,25,799.2415515968947,0.8970830240286887,27261.581624974497,115.98136482073949
1719703764,5000,,Aggregated,479.9,479.9,25.0,100.0,140.0,170.0,1400.0,1900.0,13000.0,20000.0,26000.0,27000.0,27000.0,243321,243272,25,799.8490681469139,0.8970830240286887,27261.581624974497,115.98142371599656
1719703765,5000,,Aggregated,469.2,469.2,25.0,100.0,140.0,170.0,1400.0,1900.0,13000.0,20000.0,26000.0,27000.0,27000.0,244003,243954,25,799.7703396902841,0.8970830240286887,27261.581624974497,115.9814756375946
1719703766,5000,,Aggregated,508.5,508.5,25.0,100.0,140.0,170.0,1400.0,1900.0,13000.0,20000.0,26000.0,27000.0,27000.0,244531,244482,25,801.5419170107635,0.8970830240286887,27261.581624974497,115.98151563605433
1719703767,5000,,Aggregated,490.0,490.0,25.0,100.0,140.0,170.0,1400.0,1900.0,13000.0,20000.0,26000.0,27000.0,27000.0,245008,244959,25,800.9572725747056,0.8970830240286887,27261.581624974497,115.98155162280416
1719703768,5000,,Aggregated,484.4,484.4,24.0,100.0,140.0,170.0,1400.0,1900.0,13000.0,20000.0,26000.0,27000.0,27000.0,245269,245220,24,800.8035819764418,0.8970830240286887,27261.581624974497,115.9815712544186
1719703769,5000,,Aggregated,501.1,501.1,25.0,100.0,140.0,170.0,1400.0,1900.0,13000.0,20000.0,26000.0,27000.0,27000.0,245853,245804,25,799.7437735144964,0.8970830240286887,27261.581624974497,115.98161503011964
1719703771,5000,,Aggregated,489.3,489.3,24.0,100.0,140.0,170.0,1400.0,1900.0,13000.0,20000.0,26000.0,27000.0,27000.0,246523,246474,24,799.726575650367,0.8970830240286887,27261.581624974497,115.98166499677517
1719703772,5000,,Aggregated,493.9,493.9,24.0,100.0,140.0,170.0,1400.0,1900.0,13000.0,20000.0,26000.0,27000.0,27000.0,247126,247077,24,799.2719375695312,0.8970830240286887,27261.581624974497,115.98170973511488
1719703774,5000,,Aggregated,472.4,472.4,24.0,100.0,140.0,170.0,1400.0,1900.0,13000.0,20000.0,26000.0,27000.0,27000.0,247746,247697,24,798.2315663033708,0.8970830240286887,27261.581624974497,115.98175550765704
1719703775,5000,,Aggregated,482.8,482.8,24.0,100.0,140.0,170.0,1400.0,1900.0,13000.0,20000.0,26000.0,27000.0,27000.0,248333,248284,24,797.5396886452764,0.8970830240286887,27261.581624974497,115.98179863328676
1719703776,5000,,Aggregated,447.8,447.8,24.0,100.0,140.0,170.0,1400.0,1900.0,13000.0,20000.0,26000.0,27000.0,27000.0,248957,248908,24,796.7446752181361,0.8970830240286887,27261.581624974497,115.98184425422863
1719703777,5000,,Aggregated,455.0,455.0,24.0,100.0,140.0,170.0,1400.0,1900.0,13000.0,20000.0,26000.0,27000.0,27000.0,249332,249283,24,796.0863350239871,0.8970830240286887,27261.581624974497,115.98187156081048
1719703778,5000,,Aggregated,450.8,450.8,24.0,100.0,140.0,170.0,1400.0,1900.0,13000.0,20000.0,26000.0,27000.0,27000.0,249626,249577,24,797.8377154768369,0.8970830240286887,27261.581624974497,115.98189291179604
1719703780,5000,,Aggregated,429.2,429.2,24.0,100.0,140.0,170.0,1400.0,1900.0,13000.0,20000.0,26000.0,26000.0,27000.0,250135,250086,24,797.7815936682699,0.8970830240286887,27261.581624974497,115.98192975793071
1719703781,5000,,Aggregated,429.6,429.6,24.0,100.0,140.0,170.0,1400.0,1900.0,13000.0,20000.0,26000.0,26000.0,27000.0,250854,250805,24,798.2883788435728,0.8970830240286887,27261.581624974497,115.9819815510217
1719703782,5000,,Aggregated,410.1,410.1,24.0,100.0,140.0,170.0,1400.0,1900.0,13000.0,20000.0,26000.0,26000.0,27000.0,251504,251455,24,797.5409408033679,0.8970830240286887,27261.581624974497,115.98202811883708
1719703784,5000,,Aggregated,430.6,430.6,24.0,100.0,140.0,170.0,1400.0,1900.0,13000.0,20000.0,26000.0,26000.0,27000.0,252124,252075,24,796.2636649715995,0.8970830240286887,27261.581624974497,115.98207231362346
1719703785,5000,,Aggregated,428.3,428.3,25.0,100.0,140.0,170.0,1400.0,1900.0,13000.0,20000.0,26000.0,26000.0,27000.0,252839,252790,25,794.7589644940487,0.8970830240286887,27261.581624974497,115.9821230110861
1719703787,5000,,Aggregated,437.8,437.8,25.0,100.0,140.0,170.0,1400.0,1900.0,13000.0,20000.0,26000.0,26000.0,27000.0,253490,253441,25,793.1394525162563,0.8970830240286887,27261.581624974497,115.98216892185096
1719703789,5000,,Aggregated,453.3,453.3,25.0,100.0,140.0,170.0,1400.0,1900.0,13000.0,20000.0,26000.0,26000.0,27000.0,254189,254140,25,795.9531014329552,0.8970830240286887,27261.581624974497,115.98221795593042
1719703790,5000,,Aggregated,452.5,452.5,25.0,100.0,140.0,170.0,1400.0,1900.0,13000.0,20000.0,26000.0,26000.0,27000.0,254915,254866,25,799.8105935367632,0.8970830240286887,27261.581624974497,115.98226859933705
1719703791,5000,,Aggregated,426.0,426.0,25.0,100.0,140.0,170.0,1400.0,1900.0,13000.0,20000.0,26000.0,26000.0,27000.0,255663,255614,25,800.0291944806341,0.8970830240286887,27261.581624974497,115.98232047656484
1719703793,5000,,Aggregated,475.4,475.4,25.0,100.0,140.0,170.0,1400.0,1900.0,13000.0,20000.0,26000.0,26000.0,27000.0,256367,256318,25,801.906601976239,0.8970830240286887,27261.581624974497,115.98236902565463
1719703795,5000,,Aggregated,446.6,446.6,25.0,100.0,140.0,170.0,1400.0,1900.0,13000.0,20000.0,26000.0,26000.0,27000.0,257105,257056,25,804.420336789993,0.8970830240286887,27261.581624974497,115.98241963400169
1719703796,5000,,Aggregated,472.0,472.0,25.0,100.0,140.0,170.0,1400.0,1900.0,13000.0,20000.0,26000.0,26000.0,27000.0,257833,257784,25,804.3478210248811,0.8970830240286887,27261.581624974497,115.98246927274631
1719703798,5000,,Aggregated,440.7,440.7,25.0,100.0,140.0,170.0,1400.0,1900.0,13000.0,20000.0,26000.0,26000.0,27000.0,258599,258550,25,805.7555135005441,0.8970830240286887,27261.581624974497,115.98252120077804
1719703799,5000,,Aggregated,483.5,483.5,25.0,100.0,140.0,170.0,1400.0,1900.0,13000.0,20000.0,26000.0,26000.0,27000.0,259336,259287,25,804.1279320259971,0.8970830240286887,27261.581624974497,115.9825708733072
1719703800,5000,,Aggregated,459.8,459.8,25.0,100.0,140.0,170.0,1400.0,1900.0,13000.0,20000.0,26000.0,26000.0,27000.0,259921,259872,25,803.0811194695532,0.8970830240286887,27261.581624974497,115.9826101007614
1719703801,5000,,Aggregated,510.0,510.0,26.0,100.0,140.0,170.0,1400.0,1900.0,13000.0,20000.0,26000.0,26000.0,27000.0,260318,260269,26,802.763871631148,0.8970830240286887,27261.581624974497,115.9826366213631
1719703802,5000,,Aggregated,491.0,491.0,25.0,100.0,140.0,170.0,1400.0,1900.0,13000.0,20000.0,26000.0,26000.0,27000.0,260711,260662,25,802.3417675308385,0.8970830240286887,27261.581624974497,115.98266279520234
1719703803,5000,,Aggregated,465.0,465.0,25.0,100.0,140.0,170.0,1400.0,1900.0,13000.0,20000.0,26000.0,26000.0,27000.0,261365,261316,25,802.2118360414825,0.8970830240286887,27261.581624974497,115.98270617718516
1719703805,5000,,Aggregated,493.5,493.5,25.0,100.0,140.0,170.0,1400.0,1900.0,13000.0,20000.0,26000.0,26000.0,27000.0,261979,261930,25,801.6224979496877,0.8970830240286887,27261.581624974497,115.98274670870566
1719703806,5000,,Aggregated,460.9,460.9,25.0,100.0,140.0,170.0,1400.0,1900.0,13000.0,20000.0,26000.0,26000.0,27000.0,262521,262472,25,800.2795823641802,0.8970830240286887,27261.581624974497,115.98278232979456
1719703808,5000,,Aggregated,487.4,487.4,25.0,100.0,140.0,170.0,1400.0,1900.0,13000.0,20000.0,26000.0,26000.0,27000.0,263163,263114,25,799.4346491317203,0.8970830240286887,27261.581624974497,115.98282433320792
1719703809,5000,,Aggregated,445.4,445.4,25.0,100.0,140.0,170.0,1400.0,1900.0,13000.0,20000.0,26000.0,26000.0,27000.0,263706,263657,25,800.1691524800863,0.8970830240286887,27261.581624974497,115.98285969981724
1719703811,5000,,Aggregated,456.4,456.4,25.0,100.0,140.0,170.0,1400.0,1900.0,13000.0,20000.0,26000.0,26000.0,27000.0,264254,264205,25,799.9580300416638,0.8970830240286887,27261.581624974497,115.98289524472666
1719703812,5000,,Aggregated,422.6,422.6,25.0,100.0,140.0,170.0,1400.0,1900.0,13000.0,20000.0,26000.0,26000.0,27000.0,264806,264757,25,799.7071044439541,0.8970830240286887,27261.581624974497,115.98293090035725
1719703813,5000,,Aggregated,420.8,420.8,25.0,100.0,140.0,170.0,1400.0,1900.0,13000.0,20000.0,26000.0,26000.0,27000.0,265420,265371,25,800.5675249300451,0.8970830240286887,27261.581624974497,115.98297038655716
1719703814,5000,,Aggregated,407.0,407.0,25.0,100.0,140.0,170.0,1400.0,1900.0,13000.0,20000.0,26000.0,26000.0,27000.0,265816,265767,25,801.7642305668384,0.8970830240286887,27261.581624974497,115.98299575646313
1719703815,5000,,Aggregated,401.6,401.6,25.0,100.0,140.0,170.0,1400.0,1900.0,13000.0,20000.0,26000.0,26000.0,27000.0,266035,265986,25,803.4044774129727,0.8970830240286887,27261.581624974497,115.98300975435563
1719703816,5000,,Aggregated,396.7,396.7,25.0,100.0,140.0,170.0,1400.0,1900.0,13000.0,20000.0,26000.0,26000.0,27000.0,266631,266582,25,804.8050695272193,0.8970830240286887,27261.581624974497,115.98304773263423
1719703818,5000,,Aggregated,402.7,402.7,25.0,100.0,140.0,170.0,1400.0,1900.0,13000.0,20000.0,26000.0,26000.0,27000.0,267250,267201,25,804.2591244860236,0.8970830240286887,27303.574457997456,115.98308699719364
1719703819,5000,,Aggregated,394.8,394.8,24.0,100.0,140.0,170.0,1400.0,1900.0,13000.0,20000.0,26000.0,26000.0,27000.0,267832,267783,24,803.6576687491753,0.8970830240286887,27303.574457997456,115.98312374921592
1719703821,5000,,Aggregated,408.7,408.7,24.0,100.0,140.0,170.0,1400.0,1900.0,13000.0,20000.0,26000.0,26000.0,27000.0,268420,268371,24,802.3646229608302,0.8970830240286887,27303.574457997456,115.98316071827732
1719703822,5000,,Aggregated,413.5,413.5,24.0,100.0,140.0,170.0,1400.0,1900.0,13000.0,20000.0,26000.0,26000.0,27000.0,269035,268986,24,800.9504857921343,0.8970830240286887,27303.574457997456,115.98319921199844
