Timestamp,User Count,Type,Name,Requests/s,Failures/s,50%,66%,75%,80%,90%,95%,98%,99%,99.9%,99.99%,100%,Total Request Count,Total Failure Count,Total Median Response Time,Total Average Response Time,Total Min Response Time,Total Max Response Time,Total Average Content Size
1719703225,0,,Aggregated,0.000000,0.000000,N/A,N/A,N/A,N/A,N/A,N/A,N/A,N/A,N/A,N/A,N/A,0,0,0,0.0,0,0,0
1719703226,100,,Aggregated,0.000000,0.000000,88,150,150,150,160,160,160,160,160,160,160,100,51,88,110.94341331801843,59.05279202852398,159.21245800564066,70.8
1719703227,200,,Aggregated,0.000000,0.000000,76,86,98,140,150,160,160,160,160,160,160,215,166,76,84.96286570565601,2.6272910181432962,159.21245800564066,94.97674418604652
1719703228,300,,Aggregated,36.000000,36.000000,71,81,87,93,140,150,160,160,160,160,160,367,318,71,70.76001476686149,1.5124590136110783,159.21245800564066,103.68392370572207
1719703229,400,,Aggregated,75.000000,50.500000,66,77,83,87,98,150,160,160,160,160,160,544,495,66,62.01896055041716,1.3482500216923654,159.21245800564066,107.69117647058823
1719703230,500,,Aggregated,86.333333,70.000000,60,73,80,85,94,140,150,160,160,160,160,782,733,60,53.77714818714501,1.0829160455614328,159.21245800564066,110.21994884910485
1719703231,600,,Aggregated,105.250000,93.000000,54,69,77,82,92,100,150,160,160,160,160,1037,988,54,48.43713058941893,1.0644159629009664,159.21245800564066,111.64127290260366
1719703232,700,,Aggregated,119.600000,109.800000,48,66,74,79,89,96,150,160,160,160,160,1323,1274,48,44.258125104539474,1.0010830010287464,159.21245800564066,112.58352229780802
1719703233,800,,Aggregated,138.333333,130.166667,42,63,72,78,88,95,150,150,160,160,160,1622,1573,41,41.65171018668706,1.0010830010287464,159.21245800564066,113.21331689272503
1719703234,900,,Aggregated,158.428571,151.428571,27,61,71,76,87,95,140,150,160,160,160,1978,1929,27,39.034063304612964,1.0010830010287464,159.21245800564066,113.71486349848331
1719703235,1000,,Aggregated,173.250000,167.125000,12,60,71,77,89,98,130,150,160,160,160,2376,2327,12,38.134986029047894,1.0010830010287464,159.21245800564066,114.0976430976431
1719703236,1100,,Aggregated,186.777778,181.333333,9,56,68,75,87,96,120,150,160,160,160,2799,2750,9,35.44730843587091,1.0010830010287464,159.21245800564066,114.38513754912469
1719703237,1200,,Aggregated,200.800000,195.900000,8,51,64,71,85,94,110,150,160,160,160,3289,3240,8,32.95663363587249,1.0010830010287464,159.21245800564066,114.62572210398298
1719703238,1300,,Aggregated,240.800000,235.900000,7,47,62,69,83,93,110,140,160,160,160,3750,3701,7,31.206028395984323,0.9492090321145952,159.21245800564066,114.79466666666667
1719703239,1400,,Aggregated,272.800000,272.800000,7,44,60,67,82,91,100,140,160,160,160,4249,4200,7,29.759743886807012,0.9492090321145952,159.21245800564066,114.93622028712639
1719703240,1500,,Aggregated,310.000000,310.000000,6,42,59,67,82,92,100,130,160,210,210,4792,4743,6,29.324124784602684,0.9492090321145952,209.91487498395145,115.0567612687813
1719703241,1600,,Aggregated,338.700000,338.700000,6,37,57,65,81,91,100,130,160,1000,1000,5381,5332,6,28.570782220595298,0.9492090321145952,1049.7088749543764,115.16000743356254
1719703242,1700,,Aggregated,366.000000,366.000000,6,35,57,66,83,93,110,130,160,1000,1000,5987,5938,6,28.470407077719923,0.9492090321145952,1049.7088749543764,115.24503090028395
1719703243,1800,,Aggregated,404.000000,404.000000,5,29,54,64,82,92,110,130,160,1000,1000,6647,6598,5,27.446375786958658,0.9492090321145952,1049.7088749543764,115.31999398224762
1719703244,1900,,Aggregated,428.300000,428.300000,5,23,52,62,81,91,100,120,160,1000,1000,7324,7275,5,26.385222656852864,0.9492090321145952,1049.7088749543764,115.38285090114691
1719703245,2000,,Aggregated,465.600000,465.600000,5,20,51,62,82,92,100,120,210,1000,1000,8031,7982,5,26.126925049115066,0.8970830240286887,1049.7088749543764,115.43718092391981
1719703246,2100,,Aggregated,502.500000,502.500000,5,17,50,61,80,91,100,120,1000,1100,1100,8777,8728,5,26.231130232691598,0.8970830240286887,1065.99508295767,115.48501765979265
1719703247,2200,,Aggregated,532.100000,532.100000,4,16,48,59,79,90,100,120,1000,1100,1100,9595,9546,4,25.521974252841915,0.8970830240286887,1065.99508295767,115.52892131318394
1719703248,2300,,Aggregated,565.100000,565.100000,4,12,46,58,78,89,100,120,220,1100,1100,10365,10316,4,24.75984286879348,0.8970830240286887,1065.99508295767,115.56391702846116
1719703249,2400,,Aggregated,595.900000,595.900000,4,10,44,56,77,88,100,120,220,1100,1100,11230,11181,4,23.895195020769723,0.8970830240286887,1065.99508295767,115.59750667853963
1719703250,2500,,Aggregated,629.400000,629.400000,4,10,42,54,76,87,99,110,220,1100,1100,12115,12066,4,23.295886129382236,0.8970830240286887,1065.99508295767,115.62690879075527
1719703251,2600,,Aggregated,662.200000,662.200000,4,9,41,53,76,86,98,110,210,1100,1100,13003,12954,4,22.82835155072665,0.8970830240286887,1065.99508295767,115.65238791048219
1719703252,2700,,Aggregated,703.500000,703.500000,4,8,40,52,75,85,97,110,210,1100,1100,13983,13934,4,22.21126301805342,0.8970830240286887,1065.99508295767,115.6767503396982
1719703253,2800,,Aggregated,730.400000,730.400000,3,8,38,51,74,85,96,110,210,1100,1100,14917,14868,3,21.777273942010762,0.8970830240286887,1065.99508295767,115.6969900113964
1719703254,2900,,Aggregated,766.600000,766.600000,3,8,38,51,75,85,98,110,210,1100,1100,15936,15887,3,21.716110738514793,0.8970830240286887,1065.99508295767,115.71636546184739
1719703255,3000,,Aggregated,800.400000,800.400000,3,8,40,52,75,85,98,110,1000,1100,1100,16371,16322,3,22.44104821620205,0.8970830240286887,1079.2599999695085,115.72390202186794
1719703256,3100,,Aggregated,824.600000,824.600000,3,9,40,52,75,85,98,110,1000,1100,1100,16472,16423,3,22.648429507744734,0.8970830240286887,1079.2599999695085,115.72559494900437
1719703257,3200,,Aggregated,824.600000,824.600000,3,9,40,52,75,85,98,110,1000,1100,1100,16472,16423,3,22.648429507744734,0.8970830240286887,1079.2599999695085,115.72559494900437
1719703258,3300,,Aggregated,827.600000,827.600000,3,10,41,53,75,85,97,110,1000,1100,1100,16635,16586,3,22.832851879698143,0.8970830240286887,1079.2599999695085,115.7282837391043
1719703259,3400,,Aggregated,763.500000,763.500000,4,10,42,54,75,86,100,120,1000,1100,1100,16720,16671,4,23.167674617274244,0.8970830240286887,1079.2599999695085,115.72966507177034
1719703260,3500,,Aggregated,681.900000,681.900000,4,10,42,53,75,86,100,120,1000,1100,1100,16812,16763,4,23.13706013446115,0.8970830240286887,1079.2599999695085,115.73114442065192
1719703261,3600,,Aggregated,620.500000,620.500000,4,11,42,54,75,86,100,120,1000,1100,1100,16990,16941,4,23.70252664933919,0.8970830240286887,1079.2599999695085,115.73396115361977
1719703262,3700,,Aggregated,542.700000,542.700000,4,13,43,55,76,87,100,130,1100,6800,6800,17209,17160,4,27.111151726364884,0.8970830240286887,6775.265415955801,115.73734673717242
1719703263,3800,,Aggregated,464.700000,464.700000,4,14,44,56,76,87,100,120,1100,6800,6800,17474,17425,4,27.340726532936813,0.8970830240286887,6775.265415955801,115.74132997596429
1719703264,3900,,Aggregated,393.800000,393.800000,4,15,44,56,77,88,100,120,1100,6800,6800,17751,17702,4,27.557174885663162,0.8970830240286887,6775.265415955801,115.7453664582277
1719703266,4000,,Aggregated,317.000000,317.000000,4,16,45,56,77,88,100,120,1100,6800,6800,18025,17976,4,27.634199723487026,0.8970830240286887,6775.265415955801,115.74923717059639
1719703267,4100,,Aggregated,176.900000,176.900000,4,17,46,58,78,90,110,140,1100,6800,6800,18425,18376,4,28.394332660300204,0.8970830240286887,6775.265415955801,115.75468113975576
1719703268,4200,,Aggregated,165.400000,165.400000,4,18,47,59,79,93,120,150,1300,6800,6800,18865,18816,4,30.0821878129726,0.8970830240286887,6775.265415955801,115.76040286244368
1719703269,4300,,Aggregated,193.400000,193.400000,4,20,49,61,82,100,150,290,1300,6800,13000,19288,19239,4,35.67552624087754,0.8970830240286887,13424.675667018164,115.76565740356699
1719703270,4400,,Aggregated,229.000000,229.000000,4,23,51,63,84,100,150,380,1400,6800,13000,19733,19684,4,38.20611362620541,0.8970830240286887,13424.675667018164,115.77094207672427
1719703271,4500,,Aggregated,253.000000,253.000000,4,24,52,63,84,110,150,370,1400,6800,13000,20082,20033,4,38.28390626855603,0.8970830240286887,13424.675667018164,115.77492281645254
1719703272,4600,,Aggregated,275.900000,275.900000,4,26,53,64,86,110,160,370,1400,6800,13000,20650,20601,4,38.94131063474072,0.8970830240286887,13424.675667018164,115.78111380145279
1719703274,4700,,Aggregated,324.300000,324.300000,4,30,55,67,90,130,260,430,1500,6800,13000,21346,21297,4,46.90326213600349,0.8970830240286887,13424.675667018164,115.78825072613137
1719703276,4800,,Aggregated,343.400000,343.400000,5,34,58,69,97,150,370,1400,1600,6800,20000,22088,22039,5,57.06113668499168,0.8970830240286887,19529.438249999657,115.79536399855125
1719703277,4900,,Aggregated,410.300000,410.300000,5,37,61,72,110,180,440,1500,1600,6800,20000,22902,22853,5,67.72963118000746,0.8970830240286887,19529.438249999657,115.80263732425115
1719703278,5000,,Aggregated,406.300000,406.300000,5,41,64,76,120,240,1500,1600,1600,6800,20000,23462,23413,5,78.89313625725069,0.8970830240286887,19529.438249999657,115.80734805216946
1719703279,5000,,Aggregated,406.300000,406.300000,5,40,63,75,120,240,1400,1600,1600,6800,20000,23718,23669,5,78.10383885441344,0.8970830240286887,19529.438249999657,115.8094274390758
1719703281,5000,,Aggregated,451.900000,451.900000,5,44,68,79,150,300,1600,1600,2600,6800,20000,24531,24482,5,96.00281567891186,0.8970830240286887,19529.438249999657,115.81574334515511
1719703283,5000,,Aggregated,464.300000,464.300000,6,49,72,84,170,390,1600,1800,2600,26000,26000,25425,25376,6,117.692026146873,0.8970830240286887,26198.50341702113,115.82222222222222
1719703285,5000,,Aggregated,481.100000,481.100000,6,51,75,88,200,430,1800,1900,2600,26000,26000,26294,26245,6,132.23591722259596,0.8970830240286887,26198.50341702113,115.8280976648665
1719703286,5000,,Aggregated,485.200000,485.200000,7,55,78,96,270,1100,1800,2000,2600,26000,26000,27189,27140,7,148.17796608133426,0.8970830240286887,26198.50341702113,115.83375629850308
1719703287,5000,,Aggregated,442.600000,442.600000,7,56,79,98,280,1300,1800,2000,2600,26000,26000,27847,27798,7,154.35244044013965,0.8970830240286887,26198.50341702113,115.8376844902503
1719703288,5000,,Aggregated,496.300000,496.300000,7,54,78,95,280,1300,1800,2000,2600,26000,26000,28421,28372,7,152.09599833184836,0.8970830240286887,26198.50341702113,115.8409626684494
1719703289,5000,,Aggregated,480.600000,480.600000,6,52,77,94,280,1300,1800,2100,3300,26000,26000,28950,28901,6,155.4773635521962,0.8970830240286887,26198.50341702113,115.84386873920553
1719703290,5000,,Aggregated,488.800000,488.800000,6,53,77,96,280,1300,1900,2200,4400,26000,26000,29610,29561,6,161.5323088192063,0.8970830240286887,26198.50341702113,115.84734886862546
1719703291,5000,,Aggregated,503.200000,503.200000,6,51,76,93,270,1300,1900,2200,4400,26000,26000,30196,30147,6,158.53375798162213,0.8970830240286887,26198.50341702113,115.85031129950987
1719703292,5000,,Aggregated,524.000000,524.000000,6,49,75,91,260,1300,1900,2200,4400,26000,26000,30785,30736,6,155.77652852746428,0.8970830240286887,26198.50341702113,115.85317524768556
1719703293,5000,,Aggregated,541.100000,541.100000,6,50,75,92,260,1300,1900,2200,4400,26000,26000,31381,31332,6,153.76977067384288,0.8970830240286887,26198.50341702113,115.85596379975144
1719703294,5000,,Aggregated,526.500000,526.500000,6,50,76,93,260,1200,1800,2200,4400,26000,26000,31895,31846,6,151.9252975826597,0.8970830240286887,26198.50341702113,115.85828499764854
1719703295,5000,,Aggregated,556.600000,556.600000,6,49,75,91,250,1200,1800,2200,4300,26000,26000,32412,32363,6,149.68633414167306,0.8970830240286887,26198.50341702113,115.86054547698383
1719703296,5000,,Aggregated,551.000000,551.000000,6,49,75,91,250,1200,1800,2200,4300,26000,26000,33142,33093,6,148.8430421349898,0.8970830240286887,26198.50341702113,115.86361716251282
1719703298,5000,,Aggregated,599.400000,599.400000,6,49,75,92,240,1200,1800,2200,4300,26000,26000,33856,33807,6,147.47150344643788,0.8970830240286887,26198.50341702113,115.8664933837429
1719703299,5000,,Aggregated,573.300000,573.300000,6,50,76,93,240,1200,1800,2100,4300,26000,26000,34604,34555,6,147.10896729103555,0.8970830240286887,26198.50341702113,115.86937926251301
1719703300,5000,,Aggregated,568.700000,568.700000,6,50,77,95,250,1200,1800,2100,4300,26000,26000,35346,35297,6,147.0577684480415,0.8970830240286887,26198.50341702113,115.87212131500029
1719703302,5000,,Aggregated,583.400000,583.400000,6,52,79,98,250,1200,1800,2000,4300,26000,26000,36088,36039,6,147.68495542894345,0.8970830240286887,26198.50341702113,115.87475060962093
1719703303,5000,,Aggregated,546.700000,546.700000,6,53,80,100,260,1300,1800,2000,4300,26000,26000,36875,36826,6,152.16784047536694,0.8970830240286887,26198.50341702113,115.87742372881355
1719703305,5000,,Aggregated,554.800000,554.800000,6,55,82,100,270,1300,1800,2000,4300,26000,26000,37601,37552,6,156.0387704640421,0.8970830240286887,26198.50341702113,115.87979043110556
1719703306,5000,,Aggregated,530.400000,530.400000,7,57,84,110,280,1300,1800,2000,4300,26000,26000,38176,38127,7,161.81712377675282,0.8970830240286887,26198.50341702113,115.88160100586757
1719703307,5000,,Aggregated,531.300000,531.300000,7,58,86,110,290,1400,1800,2100,4300,26000,26000,38516,38467,7,168.719521712203,0.8970830240286887,26198.50341702113,115.88264617301901
1719703308,5000,,Aggregated,527.200000,527.200000,7,58,86,110,280,1400,1800,2100,4300,26000,26000,38615,38566,7,168.45381513604218,0.8970830240286887,26198.50341702113,115.88294704130519
1719703309,5000,,Aggregated,477.500000,477.500000,7,58,86,110,290,1500,1800,2200,4300,26000,26000,38987,38938,7,175.34602240744408,0.8970830240286887,26198.50341702113,115.88406391874214
1719703311,5000,,Aggregated,466.000000,466.000000,7,58,85,110,290,1500,1800,2200,4300,26000,26000,39136,39087,7,174.70242423489262,0.8970830240286887,26198.50341702113,115.88450531479967
1719703312,5000,,Aggregated,382.800000,382.800000,7,58,85,110,290,1400,1800,2200,4300,26000,26000,39490,39441,7,173.49434107979943,0.8970830240286887,26198.50341702113,115.88554064320081
1719703314,5000,,Aggregated,372.700000,372.700000,7,59,86,110,290,1500,1900,2600,6800,26000,26000,39977,39928,7,197.08642191949977,0.8970830240286887,26198.50341702113,115.88693498761788
1719703315,5000,,Aggregated,309.800000,309.800000,7,60,88,120,310,1600,2300,6700,7400,26000,26000,40540,40491,7,250.59135880074967,0.8970830240286887,26198.50341702113,115.88850518006907
1719703317,5000,,Aggregated,296.500000,296.500000,7,61,89,120,350,1600,3300,6800,8300,26000,26000,41118,41069,7,280.82066586579356,0.8970830240286887,26198.50341702113,115.89007247434213
1719703318,5000,,Aggregated,288.100000,288.100000,8,62,91,130,350,1600,3300,6800,8300,26000,26000,41767,41718,8,283.721106844651,0.8970830240286887,26198.50341702113,115.89178059233366
1719703319,5000,,Aggregated,294.200000,294.200000,8,63,94,130,360,1600,3500,6800,8300,26000,26000,42230,42181,8,288.8603933294378,0.8970830240286887,26198.50341702113,115.89296708501065
1719703320,5000,,Aggregated,294.200000,294.200000,8,62,93,130,360,1600,3300,6800,8300,26000,26000,42455,42406,8,287.3456800635073,0.8970830240286887,26198.50341702113,115.89353433046756
1719703322,5000,,Aggregated,357.100000,357.100000,8,64,96,130,370,1600,3500,7100,13000,26000,26000,43121,43072,8,314.88242360159944,0.8970830240286887,26198.50341702113,115.89517868324019
1719703323,5000,,Aggregated,346.700000,346.700000,9,65,98,140,380,1600,3500,7100,13000,26000,26000,43905,43856,9,321.1433621683801,0.8970830240286887,26198.50341702113,115.89705044983486
1719703325,5000,,Aggregated,366.500000,366.500000,9,66,100,140,380,1600,3500,7100,13000,26000,26000,44590,44541,9,320.08629837523034,0.8970830240286887,26198.50341702113,115.89863198026464
1719703326,5000,,Aggregated,439.000000,439.000000,9,67,100,140,380,1600,3500,7100,13000,26000,26000,45254,45205,9,318.82415012849555,0.8970830240286887,26198.50341702113,115.90011932646838
1719703328,5000,,Aggregated,410.300000,410.300000,9,67,100,140,390,1600,3500,7200,13000,26000,26000,45959,45910,9,331.95587493450006,0.8970830240286887,26198.50341702113,115.90165147196414
1719703329,5000,,Aggregated,457.200000,457.200000,9,68,100,140,390,1600,3500,7200,13000,26000,26000,46644,46595,9,329.6752085745131,0.8970830240286887,26198.50341702113,115.90309578938341
1719703330,5000,,Aggregated,421.900000,421.900000,9,68,100,140,390,1600,3500,7200,13000,26000,26000,47349,47300,9,327.426255895372,0.8970830240286887,26198.50341702113,115.90453863861961
1719703332,5000,,Aggregated,444.700000,444.700000,8,67,100,140,380,1600,3500,7100,13000,26000,26000,47997,47948,8,324.46298838466436,0.8970830240286887,26198.50341702113,115.9058274475488
1719703333,5000,,Aggregated,448.400000,448.400000,9,68,100,140,380,1600,3500,7100,13000,26000,26000,48629,48580,9,322.6711102434643,0.8970830240286887,26198.50341702113,115.90705134796109
1719703335,5000,,Aggregated,457.900000,457.900000,9,70,110,140,410,1600,6700,7400,26000,26000,27000,49549,49500,9,432.87181504592047,0.8970830240286887,26506.865124974865,115.90877717007407
1719703336,5000,,Aggregated,463.500000,463.500000,9,70,110,140,420,1600,6700,8100,26000,26000,27000,50270,50221,9,462.01676620908654,0.8970830240286887,27261.581624974497,115.9100855380943
1719703337,5000,,Aggregated,495.700000,495.700000,10,70,110,140,420,1600,6700,7800,26000,26000,27000,50835,50786,10,459.51362205331804,0.8970830240286887,27261.581624974497,115.91108488246287
1719703338,5000,,Aggregated,497.000000,497.000000,9,70,110,140,410,1600,6700,7800,26000,26000,27000,51452,51403,9,454.4625257310318,0.8970830240286887,27261.581624974497,115.91215113115136
1719703339,5000,,Aggregated,506.500000,506.500000,9,68,100,140,400,1600,6700,7800,26000,26000,27000,52055,52006,9,449.2760756041682,0.8970830240286887,27261.581624974497,115.9131687638075
1719703340,5000,,Aggregated,541.000000,541.000000,8,68,100,140,400,1600,6700,7800,26000,26000,27000,52551,52502,8,445.3572102195854,0.8970830240286887,27261.581624974497,115.91398831611197
1719703341,5000,,Aggregated,532.900000,532.900000,8,67,100,140,390,1600,6700,7800,26000,26000,27000,53126,53077,8,441.1052053279241,0.8970830240286887,27261.581624974497,115.91491924857885
1719703342,5000,,Aggregated,526.900000,526.900000,8,66,100,130,380,1600,6700,7500,26000,26000,27000,53782,53733,8,435.8438538333338,0.8970830240286887,27261.581624974497,115.91595701163958
1719703343,5000,,Aggregated,557.300000,557.300000,8,65,99,130,380,1600,6700,7400,26000,26000,27000,54492,54443,8,430.6524464421012,0.8970830240286887,27261.581624974497,115.91705204433678
1719703344,5000,,Aggregated,572.000000,572.000000,7,65,99,130,370,1600,4500,7400,26000,26000,27000,55247,55198,7,426.1829478655585,0.8970830240286887,27261.581624974497,115.91818560283816
1719703346,5000,,Aggregated,580.600000,580.600000,7,65,98,130,370,1600,4500,7400,26000,26000,27000,55976,55927,7,422.02286629643464,0.8970830240286887,27261.581624974497,115.91925110761755
1719703347,5000,,Aggregated,570.000000,570.000000,7,66,100,130,380,1600,4500,7400,26000,26000,27000,56538,56489,7,420.22548528051107,0.8970830240286887,27261.581624974497,115.92005376914642
1719703348,5000,,Aggregated,577.200000,577.200000,8,66,100,130,380,1600,4400,7400,26000,26000,27000,56974,56925,8,419.98716807385114,0.8970830240286887,27261.581624974497,115.92066556674975
1719703349,5000,,Aggregated,577.200000,577.200000,7,66,100,130,380,1600,4300,7400,26000,26000,27000,57468,57419,7,416.9021659628688,0.8970830240286887,27261.581624974497,115.92134753253985
1719703350,5000,,Aggregated,550.200000,550.200000,8,67,100,140,390,1600,4300,7400,26000,26000,27000,58227,58178,8,416.45948292992074,0.8970830240286887,27261.581624974497,115.92237278238618
1719703351,5000,,Aggregated,550.000000,550.000000,8,67,100,140,400,1600,4200,7400,26000,26000,27000,58722,58673,8,415.24497627056587,0.8970830240286887,27261.581624974497,115.92302714485201
1719703352,5000,,Aggregated,567.500000,567.500000,8,67,100,140,390,1600,4200,7400,26000,26000,27000,59151,59102,8,412.3442929411977,0.8970830240286887,27261.581624974497,115.92358540007777
1719703353,5000,,Aggregated,556.200000,556.200000,8,67,100,140,390,1600,4200,7400,26000,26000,27000,59404,59355,8,414.1720244964991,0.8970830240286887,27261.581624974497,115.92391084775436
1719703355,5000,,Aggregated,501.400000,501.400000,8,67,100,140,400,1600,4200,7400,26000,26000,27000,59574,59525,8,415.55489659542684,0.8970830240286887,27261.581624974497,115.92412797529123
1719703356,5000,,Aggregated,486.100000,486.100000,8,68,100,140,410,1600,4100,7400,26000,26000,27000,60152,60103,8,419.5859378149743,0.8970830240286887,27261.581624974497,115.92485702886022
1719703357,5000,,Aggregated,432.700000,432.700000,8,68,110,140,410,1600,4100,7400,26000,26000,27000,60644,60595,8,417.45636625888386,0.8970830240286887,27261.581624974497,115.92546665787218
1719703359,5000,,Aggregated,417.600000,417.600000,8,69,110,140,430,1600,6700,7400,26000,26000,27000,61328,61279,8,432.71727801395406,0.8970830240286887,27261.581624974497,115.92629793895121
1719703361,5000,,Aggregated,378.400000,378.400000,8,69,110,140,430,1600,6700,7400,26000,26000,27000,61960,61911,8,438.57266769609146,0.8970830240286887,27261.581624974497,115.92704970948999
1719703362,5000,,Aggregated,369.800000,369.800000,8,70,110,140,440,1600,6700,7400,26000,26000,27000,62600,62551,8,442.1563428100648,0.8970830240286887,27261.581624974497,115.92779552715655
1719703363,5000,,Aggregated,330.900000,330.900000,8,70,110,140,470,1600,6700,7400,26000,26000,27000,63267,63218,8,439.67874930128,0.8970830240286887,27261.581624974497,115.92855675154505
1719703365,5000,,Aggregated,382.800000,382.800000,8,70,110,140,430,1600,6700,7400,26000,26000,27000,63868,63819,8,436.2382681514439,0.8970830240286887,27261.581624974497,115.92922903488444
1719703367,5000,,Aggregated,388.400000,388.400000,9,71,110,140,500,1600,6800,8300,26000,26000,27000,64668,64619,9,468.50005381585396,0.8970830240286887,27261.581624974497,115.93010453392714
1719703368,5000,,Aggregated,425.000000,425.000000,9,71,110,140,560,1600,6800,8200,26000,26000,27000,65401,65352,9,466.89445764899443,0.8970830240286887,27261.581624974497,115.93088790691274
1719703370,5000,,Aggregated,416.600000,416.600000,9,72,110,150,560,1600,6800,8200,26000,26000,27000,66097,66048,9,465.04275403239575,0.8970830240286887,27261.581624974497,115.93161565577863
1719703372,5000,,Aggregated,420.300000,420.300000,9,73,110,150,670,1600,6800,8200,26000,26000,27000,66910,66861,9,463.53872937615677,0.8970830240286887,27261.581624974497,115.93244657001942
1719703373,5000,,Aggregated,475.000000,475.000000,10,73,110,150,900,1600,6800,8300,26000,26000,27000,67673,67624,10,476.252989158206,0.8970830240286887,27261.581624974497,115.93320822189057
1719703374,5000,,Aggregated,435.100000,435.100000,10,74,120,150,950,1600,6800,8300,26000,26000,27000,68435,68386,10,479.1527841250479,0.8970830240286887,27261.581624974497,115.93395192518449
1719703375,5000,,Aggregated,456.200000,456.200000,10,74,120,150,1000,1600,6800,8300,26000,26000,27000,68947,68898,10,477.67110525618824,0.8970830240286887,27261.581624974497,115.93444239778381
1719703376,5000,,Aggregated,485.900000,485.900000,10,74,120,150,950,1600,6800,8300,26000,26000,27000,69170,69121,10,476.140011109815,0.8970830240286887,27261.581624974497,115.93465375162643
1719703378,5000,,Aggregated,456.700000,456.700000,10,74,120,150,930,1600,6800,8300,26000,26000,27000,69894,69845,10,473.0324324263736,0.8970830240286887,27261.581624974497,115.93533064354594
1719703379,5000,,Aggregated,494.300000,494.300000,10,75,120,150,950,1600,6800,8300,26000,26000,27000,70537,70488,10,471.37973127375466,0.8970830240286887,27261.581624974497,115.93592015537945
1719703381,5000,,Aggregated,454.500000,454.500000,11,76,120,160,1100,1600,6800,13000,26000,26000,27000,71475,71426,11,527.9378213161712,0.8970830240286887,27261.581624974497,115.93676110528156
1719703382,5000,,Aggregated,471.600000,471.600000,11,77,120,160,1200,1600,6800,13000,26000,27000,27000,72281,72232,11,528.1779828625763,0.8970830240286887,27261.581624974497,115.93746627744497
1719703383,5000,,Aggregated,476.500000,476.500000,11,77,120,160,1200,1600,6800,13000,26000,27000,27000,72997,72948,11,524.4068246669973,0.8970830240286887,27261.581624974497,115.93807964710878
1719703384,5000,,Aggregated,527.300000,527.300000,11,76,120,150,1100,1600,6800,13000,26000,27000,27000,73632,73583,11,520.511361016749,0.8970830240286887,27261.581624974497,115.93861364624077
1719703386,5000,,Aggregated,507.000000,507.000000,11,76,120,150,1100,1600,6800,13000,26000,27000,27000,74345,74296,11,516.6166408245131,0.8970830240286887,27261.581624974497,115.93920236734145
1719703387,5000,,Aggregated,520.700000,520.700000,11,76,120,150,1100,1600,6800,13000,26000,27000,27000,75082,75033,11,512.6720703732357,0.8970830240286887,27261.581624974497,115.93979915292613
1719703389,5000,,Aggregated,520.600000,520.600000,11,76,120,150,1100,1600,6800,13000,26000,27000,27000,75840,75791,11,511.95836193049024,0.8970830240286887,27261.581624974497,115.94040084388186
1719703390,5000,,Aggregated,547.600000,547.600000,11,77,120,150,1100,1600,6800,13000,26000,27000,27000,76641,76592,11,509.53593318174836,0.8970830240286887,27261.581624974497,115.9410237340327
1719703392,5000,,Aggregated,532.700000,532.700000,11,77,120,160,1100,1600,6800,13000,26000,27000,27000,77401,77352,11,507.7500463903799,0.8970830240286887,27261.581624974497,115.94160282166897
1719703393,5000,,Aggregated,561.700000,561.700000,12,78,120,160,1100,1600,6800,13000,26000,27000,27000,78033,77984,12,505.61263496176804,0.8970830240286887,27261.581624974497,115.94207578844848
1719703394,5000,,Aggregated,521.800000,521.800000,12,78,120,160,1100,1600,6800,13000,26000,27000,27000,78542,78493,12,505.8364546126555,0.8970830240286887,27261.581624974497,115.94245117262102
1719703395,5000,,Aggregated,521.800000,521.800000,12,78,120,160,1100,1600,6800,13000,26000,27000,27000,78652,78603,12,505.1366152425892,0.8970830240286887,27261.581624974497,115.94253165844479
1719703396,5000,,Aggregated,520.700000,520.700000,13,78,120,160,1100,1600,6800,13000,26000,27000,27000,79048,78999,13,504.0326330359676,0.8970830240286887,27261.581624974497,115.94281955267685
1719703398,5000,,Aggregated,501.000000,501.000000,13,79,120,160,1100,1600,6800,13000,26000,27000,27000,79436,79387,13,503.67165025947884,0.8970830240286887,27261.581624974497,115.94309884687044
1719703399,5000,,Aggregated,439.000000,439.000000,12,78,120,160,1100,1600,6800,13000,26000,27000,27000,79682,79633,12,502.16007549492565,0.8970830240286887,27261.581624974497,115.9432745162019
1719703401,5000,,Aggregated,406.600000,406.600000,13,79,120,160,1200,1600,6800,13000,26000,26000,27000,80210,80161,13,514.4171226618545,0.8970830240286887,27261.581624974497,115.94364792419898
1719703402,5000,,Aggregated,347.500000,347.500000,13,79,120,160,1200,1600,6800,13000,26000,26000,27000,80705,80656,13,520.3773597141557,0.8970830240286887,27261.581624974497,115.94399355678087
1719703403,5000,,Aggregated,311.800000,311.800000,13,79,120,160,1200,1600,6800,13000,26000,26000,27000,81204,81155,13,524.3581639259736,0.8970830240286887,27261.581624974497,115.94433771735382
1719703404,5000,,Aggregated,327.600000,327.600000,13,80,120,160,1200,1700,6800,13000,26000,26000,27000,81552,81503,13,524.952804012319,0.8970830240286887,27261.581624974497,115.94457524033746
1719703405,5000,,Aggregated,297.300000,297.300000,13,80,120,160,1200,1700,6800,13000,26000,26000,27000,81939,81890,13,526.6480876787917,0.8970830240286887,27261.581624974497,115.94483701289984
1719703406,5000,,Aggregated,274.100000,274.100000,13,79,120,160,1200,1700,6800,13000,26000,26000,27000,82205,82156,13,525.8577358486272,0.8970830240286887,27261.581624974497,115.94501551000548
1719703408,5000,,Aggregated,307.600000,307.600000,13,80,120,160,1300,1700,6800,13000,26000,26000,27000,82814,82765,13,546.526177949044,0.8970830240286887,27261.581624974497,115.945419856546
1719703409,5000,,Aggregated,290.700000,290.700000,14,81,130,160,1300,1800,6900,13000,26000,26000,27000,83470,83421,14,566.1767018007987,0.8970830240286887,27261.581624974497,115.94584880795496
1719703411,5000,,Aggregated,337.800000,337.800000,15,81,130,160,1300,1700,6900,13000,26000,26000,27000,84056,84007,15,564.6297227629633,0.8970830240286887,27261.581624974497,115.94622632530694
1719703412,5000,,Aggregated,375.600000,375.600000,15,82,130,160,1300,1700,6900,13000,26000,26000,27000,84679,84630,15,561.2692717252895,0.8970830240286887,27261.581624974497,115.94662194877124
1719703413,5000,,Aggregated,384.600000,384.600000,15,82,130,160,1300,1800,6900,13000,26000,26000,27000,84762,84713,15,562.0931784188041,0.8970830240286887,27261.581624974497,115.94667421721998
1719703414,5000,,Aggregated,384.600000,384.600000,16,83,130,170,1300,1700,6900,13000,26000,26000,27000,85264,85215,16,560.3998347343985,0.8970830240286887,27261.581624974497,115.94698817789454
1719703416,5000,,Aggregated,406.000000,406.000000,17,84,130,170,1300,1800,7000,13000,26000,26000,27000,86139,86090,17,580.8430341535571,0.8970830240286887,27261.581624974497,115.94752667200687
1719703417,5000,,Aggregated,408.600000,408.600000,18,84,130,170,1300,1800,7100,14000,26000,26000,27000,86802,86753,18,592.1047526410026,0.8970830240286887,27261.581624974497,115.94792746710905
1719703419,5000,,Aggregated,404.900000,404.900000,18,84,130,170,1300,1800,7100,14000,26000,26000,27000,87520,87471,18,589.9322558814409,0.8970830240286887,27261.581624974497,115.94835466179158
1719703420,5000,,Aggregated,438.900000,438.900000,18,84,130,170,1300,1800,7100,14000,26000,26000,27000,88229,88180,18,586.3866380295788,0.8970830240286887,27261.581624974497,115.94876967890376
1719703422,5000,,Aggregated,416.700000,416.700000,18,85,130,170,1300,1700,7100,14000,26000,26000,27000,88943,88894,18,583.0686005163567,0.8970830240286887,27261.581624974497,115.94918093610515
1719703423,5000,,Aggregated,460.500000,460.500000,19,85,130,170,1300,1700,7000,13000,26000,26000,27000,89649,89600,19,580.1268591586977,0.8970830240286887,27261.581624974497,115.94958114424031
1719703424,5000,,Aggregated,435.600000,435.600000,19,85,130,170,1300,1800,7200,14000,26000,26000,27000,90483,90434,19,625.1253787837484,0.8970830240286887,27261.581624974497,115.95004586496911
1719703426,5000,,Aggregated,494.600000,494.600000,19,86,130,170,1300,1800,7200,20000,26000,27000,27000,91211,91162,19,632.0651768043083,0.8970830240286887,27261.581624974497,115.95044457357118
1719703427,5000,,Aggregated,485.400000,485.400000,19,85,130,170,1300,1800,7200,20000,26000,27000,27000,91946,91897,19,628.5681600335083,0.8970830240286887,27261.581624974497,115.95084071085202
1719703428,5000,,Aggregated,507.400000,507.400000,19,85,130,170,1300,1800,7200,15000,26000,27000,27000,92598,92549,19,624.7875459192023,0.8970830240286887,27261.581624974497,115.95118685068792
1719703429,5000,,Aggregated,514.800000,514.800000,18,84,130,170,1300,1700,7200,20000,26000,27000,27000,93259,93210,18,624.0250674071035,0.8970830240286887,27261.581624974497,115.95153282793082
1719703430,5000,,Aggregated,524.000000,524.000000,17,84,130,170,1300,1700,7200,20000,26000,27000,27000,93869,93820,17,620.3681457250366,0.8970830240286887,27261.581624974497,115.95184778787458
1719703431,5000,,Aggregated,553.800000,553.800000,18,84,130,170,1300,1700,7200,15000,26000,27000,27000,94362,94313,18,618.2683285902729,0.8970830240286887,27261.581624974497,115.95209936203132
1719703432,5000,,Aggregated,542.600000,542.600000,18,84,130,170,1300,1700,7200,15000,26000,27000,27000,94780,94731,18,616.9675823377528,0.8970830240286887,27261.581624974497,115.9523106140536
1719703433,5000,,Aggregated,528.700000,528.700000,18,84,130,170,1300,1700,7200,14000,26000,27000,27000,95459,95410,18,613.0188243504615,0.8970830240286887,27261.581624974497,115.95264982872227
1719703435,5000,,Aggregated,569.800000,569.800000,18,84,130,170,1300,1700,7200,14000,26000,27000,27000,96091,96042,18,609.954551263465,0.8970830240286887,27261.581624974497,115.95296125547658
1719703436,5000,,Aggregated,563.300000,563.300000,19,84,130,170,1300,1700,7100,14000,26000,27000,27000,96603,96554,19,608.378730685891,0.8970830240286887,27261.581624974497,115.95321056281897
1719703437,5000,,Aggregated,542.300000,542.300000,18,84,130,170,1300,1700,7100,14000,26000,27000,27000,97129,97080,18,605.9075817418102,0.8970830240286887,27261.581624974497,115.95346395000463
1719703439,5000,,Aggregated,536.800000,536.800000,18,84,130,170,1300,1700,7100,14000,26000,27000,27000,97627,97578,18,603.1032966809803,0.8970830240286887,27261.581624974497,115.95370133262314
1719703440,5000,,Aggregated,469.100000,469.100000,18,84,130,160,1300,1700,7100,14000,26000,27000,27000,98085,98036,18,600.68690653347,0.8970830240286887,27261.581624974497,115.95391752051792
1719703442,5000,,Aggregated,456.900000,456.900000,18,84,130,160,1300,1700,7100,14000,26000,27000,27000,98630,98581,18,605.2033685727204,0.8970830240286887,27261.581624974497,115.95417215857245
1719703443,5000,,Aggregated,425.900000,425.900000,18,85,130,170,1300,1700,7100,14000,26000,27000,27000,99211,99162,18,610.4982434763738,0.8970830240286887,27261.581624974497,115.95444053582769
1719703444,5000,,Aggregated,398.900000,398.900000,18,85,130,170,1300,1700,7100,14000,26000,27000,27000,99632,99583,18,609.9196892517891,0.8970830240286887,27261.581624974497,115.95463304962261
1719703445,5000,,Aggregated,377.100000,377.100000,18,85,130,170,1300,1700,7200,14000,26000,27000,27000,99883,99834,18,610.9600313499453,0.8970830240286887,27261.581624974497,115.95474705405324
1719703446,5000,,Aggregated,372.400000,372.400000,18,85,130,160,1300,1700,7100,14000,26000,27000,27000,100328,100279,18,609.402652451603,0.8970830240286887,27261.581624974497,115.9549477713101
1719703448,5000,,Aggregated,365.100000,365.100000,18,85,130,160,1300,1700,7200,14000,26000,27000,27000,100976,100927,18,609.018049050036,0.8970830240286887,27261.581624974497,115.95523688797338
1719703449,5000,,Aggregated,370.800000,370.800000,19,85,130,170,1300,1800,7300,14000,26000,27000,27000,101700,101651,19,628.9611844431658,0.8970830240286887,27261.581624974497,115.95555555555555
1719703450,5000,,Aggregated,384.200000,384.200000,19,86,130,170,1300,1800,7400,14000,26000,27000,27000,102124,102075,19,634.8701551213886,0.8970830240286887,27261.581624974497,115.95574008068623
1719703451,5000,,Aggregated,401.300000,401.300000,18,86,130,170,1300,1800,7400,14000,26000,27000,27000,102633,102584,18,632.913522918241,0.8970830240286887,27261.581624974497,115.95595958414935
1719703452,5000,,Aggregated,408.800000,408.800000,18,85,130,170,1300,1800,7300,14000,26000,27000,27000,102934,102885,18,631.0832532427418,0.8970830240286887,27261.581624974497,115.95608836730332
1719703454,5000,,Aggregated,438.500000,438.500000,18,86,130,170,1300,1800,7300,14000,26000,27000,27000,103651,103602,18,628.1066893727168,0.8970830240286887,27261.581624974497,115.95639212356852
1719703455,5000,,Aggregated,425.600000,425.600000,19,86,130,170,1300,1800,7300,14000,26000,27000,27000,104429,104380,19,626.9839437089704,0.8970830240286887,27261.581624974497,115.95671700389738
1719703457,5000,,Aggregated,415.800000,415.800000,19,87,130,170,1300,1800,7400,14000,26000,27000,27000,105198,105149,19,635.7016562059114,0.8970830240286887,27261.581624974497,115.95703340367687
1719703459,5000,,Aggregated,432.000000,432.000000,20,88,130,170,1300,1800,7400,20000,26000,27000,27000,105991,105942,20,650.038661712702,0.8970830240286887,27261.581624974497,115.95735486975309
1719703460,5000,,Aggregated,485.900000,485.900000,21,89,140,180,1300,1800,7400,20000,26000,27000,27000,106765,106716,21,650.1154779367363,0.8970830240286887,27261.581624974497,115.95766402847374
1719703462,5000,,Aggregated,435.100000,435.100000,22,89,140,180,1300,1800,7400,20000,26000,27000,27000,107459,107410,22,649.1687209237386,0.8970830240286887,27261.581624974497,115.95793744590961
1719703463,5000,,Aggregated,445.100000,445.100000,22,89,140,180,1300,1800,7400,20000,26000,27000,27000,108193,108144,22,645.7996884809055,0.8970830240286887,27261.581624974497,115.95822280554195
1719703464,5000,,Aggregated,452.600000,452.600000,22,90,140,180,1300,1800,7400,20000,26000,27000,27000,108638,108589,22,644.1058568270856,0.8970830240286887,27261.581624974497,115.9583939321416
1719703465,5000,,Aggregated,452.600000,452.600000,22,90,140,180,1300,1800,7400,20000,26000,27000,27000,108936,108887,22,642.3530945863392,0.8970830240286887,27261.581624974497,115.95850774766835
1719703466,5000,,Aggregated,483.600000,483.600000,22,90,140,180,1300,1800,7400,20000,26000,27000,27000,109791,109742,22,655.5213385031115,0.8970830240286887,27261.581624974497,115.95883086956125
1719703467,5000,,Aggregated,459.800000,459.800000,22,90,140,180,1300,1800,7400,20000,26000,27000,27000,110519,110470,22,653.3138909527979,0.8970830240286887,27261.581624974497,115.95910205485029
1719703469,5000,,Aggregated,519.200000,519.200000,23,90,140,180,1300,1800,7400,20000,26000,27000,27000,111171,111122,23,652.463022387947,0.8970830240286887,27261.581624974497,115.95934191470798
1719703470,5000,,Aggregated,472.900000,472.900000,23,91,140,180,1300,1700,7400,20000,26000,27000,27000,111972,111923,23,654.983425225792,0.8970830240286887,27261.581624974497,115.95963276533419
1719703471,5000,,Aggregated,518.000000,518.000000,23,91,140,180,1300,1700,7400,20000,26000,27000,27000,112615,112566,23,652.2983581560654,0.8970830240286887,27261.581624974497,115.95986325089908
1719703473,5000,,Aggregated,527.500000,527.500000,23,91,140,180,1300,1700,7400,20000,26000,27000,27000,113164,113115,23,651.0413686676744,0.8970830240286887,27261.581624974497,115.9600579689654
1719703474,5000,,Aggregated,526.000000,526.000000,23,91,140,180,1300,1700,7400,20000,26000,27000,27000,113710,113661,23,650.0897391848823,0.8970830240286887,27261.581624974497,115.96024975815672
1719703476,5000,,Aggregated,498.300000,498.300000,23,91,140,180,1300,1700,7400,20000,26000,27000,27000,114168,114119,23,648.0724093754951,0.8970830240286887,27261.581624974497,115.96040922149814
1719703477,5000,,Aggregated,500.700000,500.700000,23,91,140,180,1300,1700,7400,20000,26000,27000,27000,114497,114448,23,646.3820435953562,0.8970830240286887,27261.581624974497,115.96052298313494
1719703478,5000,,Aggregated,437.700000,437.700000,24,91,140,180,1300,1700,7400,20000,26000,27000,27000,114956,114907,24,649.0448506938885,0.8970830240286887,27261.581624974497,115.96068060823272
1719703479,5000,,Aggregated,415.400000,415.400000,24,92,140,180,1300,1800,7400,20000,26000,27000,27000,115283,115234,24,652.0965113798791,0.8970830240286887,27261.581624974497,115.96079213760919
1719703480,5000,,Aggregated,415.400000,415.400000,24,92,140,180,1300,1800,7400,20000,26000,27000,27000,115441,115392,24,651.7322430663197,0.8970830240286887,27261.581624974497,115.96084580001906
1719703481,5000,,Aggregated,378.500000,378.500000,24,92,140,180,1300,1800,7400,20000,26000,27000,27000,115940,115891,24,652.9275810920602,0.8970830240286887,27261.581624974497,115.96101431775057
1719703483,5000,,Aggregated,352.100000,352.100000,24,92,140,180,1300,1800,7400,20000,26000,27000,27000,116491,116442,24,654.8704201160092,0.8970830240286887,27261.581624974497,115.96119871921437
1719703484,5000,,Aggregated,323.500000,323.500000,24,92,140,180,1300,1800,7400,20000,26000,27000,27000,117090,117041,24,657.43954674856,0.8970830240286887,27261.581624974497,115.96139721581689
1719703485,5000,,Aggregated,332.700000,332.700000,24,92,140,180,1300,1800,7400,20000,26000,27000,27000,117712,117663,24,666.5343937688729,0.8970830240286887,27261.581624974497,115.96160119613972
1719703486,5000,,Aggregated,325.300000,325.300000,24,92,140,180,1300,1800,7400,20000,26000,27000,27000,118175,118126,24,670.8279799555525,0.8970830240286887,27261.581624974497,115.96175163951766
1719703487,5000,,Aggregated,335.800000,335.800000,24,92,140,180,1300,1800,7400,20000,26000,27000,27000,118482,118433,24,669.3316556729969,0.8970830240286887,27261.581624974497,115.96185074526089
1719703489,5000,,Aggregated,354.400000,354.400000,24,92,140,180,1300,1800,7400,20000,26000,27000,27000,118847,118798,24,667.4775208028808,0.8970830240286887,27261.581624974497,115.9619679083191
1719703490,5000,,Aggregated,379.400000,379.400000,24,92,140,180,1300,1800,7400,20000,26000,27000,27000,119458,119409,24,664.9201764602567,0.8970830240286887,27261.581624974497,115.96216243365869
1719703491,5000,,Aggregated,389.100000,389.100000,24,92,140,180,1300,1800,7400,20000,26000,27000,27000,120070,120021,24,662.3435468230265,0.8970830240286887,27261.581624974497,115.9623552927459
1719703492,5000,,Aggregated,401.600000,401.600000,24,92,140,170,1300,1800,7400,20000,26000,27000,27000,120653,120604,24,660.1982120322548,0.8970830240286887,27261.581624974497,115.96253719343903
1719703493,5000,,Aggregated,405.400000,405.400000,24,93,140,180,1300,1800,7800,20000,26000,27000,27000,121162,121113,24,672.450761535436,0.8970830240286887,27261.581624974497,115.96269457420644
1719703494,5000,,Aggregated,419.900000,419.900000,24,93,140,180,1300,1800,8300,20000,26000,27000,27000,121534,121485,24,687.1056233303427,0.8970830240286887,27261.581624974497,115.96280876133427
1719703496,5000,,Aggregated,416.200000,416.200000,24,93,140,180,1300,1800,13000,20000,26000,27000,27000,122138,122089,24,692.1354148338506,0.8970830240286887,27261.581624974497,115.96299268041068
1719703497,5000,,Aggregated,426.500000,426.500000,24,93,140,180,1300,1800,12000,20000,26000,27000,27000,122799,122750,24,689.5168052031906,0.8970830240286887,27261.581624974497,115.96319188267006
1719703499,5000,,Aggregated,442.600000,442.600000,24,93,140,170,1300,1800,8600,20000,26000,27000,27000,123506,123457,24,686.6107847815813,0.8970830240286887,27261.581624974497,115.96340258772854
1719703500,5000,,Aggregated,438.200000,438.200000,23,93,140,170,1300,1800,8300,20000,26000,27000,27000,124217,124168,23,683.3986733781253,0.8970830240286887,27261.581624974497,115.96361206598131
1719703502,5000,,Aggregated,465.900000,465.900000,23,93,140,170,1300,1800,8300,20000,26000,27000,27000,124946,124897,23,680.727082590435,0.8970830240286887,27261.581624974497,115.96382437212876
1719703503,5000,,Aggregated,442.300000,442.300000,24,93,140,180,1300,1800,13000,20000,26000,27000,27000,125768,125719,24,706.8936465534667,0.8970830240286887,27261.581624974497,115.96406081038101
1719703504,5000,,Aggregated,479.300000,479.300000,24,93,140,180,1400,1800,13000,20000,26000,27000,27000,126511,126462,24,711.4791720307599,0.8970830240286887,27261.581624974497,115.96427188149647
1719703506,5000,,Aggregated,496.500000,496.500000,24,93,140,180,1300,1800,13000,20000,26000,27000,27000,127184,127135,24,708.5445044222196,0.8970830240286887,27261.581624974497,115.96446093848283
1719703507,5000,,Aggregated,494.500000,494.500000,23,93,140,170,1300,1800,13000,20000,26000,27000,27000,127884,127835,23,706.0134692706534,0.8970830240286887,27261.581624974497,115.9646554690188
1719703508,5000,,Aggregated,504.600000,504.600000,23,93,140,170,1300,1800,13000,20000,26000,27000,27000,128424,128375,23,706.0486071405358,0.8970830240286887,27261.581624974497,115.96480408646359
1719703509,5000,,Aggregated,514.700000,514.700000,23,93,140,170,1300,1800,13000,20000,26000,27000,27000,128931,128882,23,707.0299321275932,0.8970830240286887,27261.581624974497,115.96494248861794
1719703510,5000,,Aggregated,532.000000,532.000000,23,93,140,170,1300,1800,13000,20000,26000,27000,27000,129310,129261,23,705.2950852472384,0.8970830240286887,27261.581624974497,115.96504524012065
1719703511,5000,,Aggregated,533.800000,533.800000,23,93,140,170,1300,1800,13000,20000,26000,27000,27000,129868,129819,23,702.6114911643087,0.8970830240286887,27261.581624974497,115.96519542920504
1719703512,5000,,Aggregated,516.500000,516.500000,23,93,140,170,1300,1800,13000,20000,26000,27000,27000,130494,130445,23,700.4334922789324,0.8970830240286887,27261.581624974497,115.96536239214063
1719703514,5000,,Aggregated,555.700000,555.700000,23,93,140,170,1300,1800,13000,20000,26000,27000,27000,131059,131010,23,698.3800383185737,0.8970830240286887,27261.581624974497,115.96551171609732
1719703515,5000,,Aggregated,505.200000,505.200000,23,93,140,170,1300,1800,13000,20000,26000,27000,27000,131616,131567,23,696.4592357682111,0.8970830240286887,27261.581624974497,115.9656576707999
1719703517,5000,,Aggregated,491.800000,491.800000,23,93,140,170,1300,1800,13000,20000,26000,27000,27000,132216,132167,23,696.2269421015744,0.8970830240286887,27261.581624974497,115.96581351727477
1719703518,5000,,Aggregated,471.500000,471.500000,23,93,140,170,1300,1800,13000,20000,26000,27000,27000,132896,132847,23,697.8319405134671,0.8970830240286887,27261.581624974497,115.96598844209005
1719703520,5000,,Aggregated,442.200000,442.200000,23,93,140,170,1300,1800,13000,20000,26000,27000,27000,133525,133476,23,696.2639378384555,0.8970830240286887,27261.581624974497,115.96614866129939
1719703521,5000,,Aggregated,444.900000,444.900000,23,93,140,170,1300,1800,13000,20000,26000,27000,27000,134196,134147,23,695.6188042322301,0.8970830240286887,27261.581624974497,115.96631792303795
1719703522,5000,,Aggregated,426.700000,426.700000,23,93,140,170,1300,1800,13000,20000,26000,27000,27000,134815,134766,23,694.1552083365192,0.8970830240286887,27261.581624974497,115.96647257352669
1719703524,5000,,Aggregated,435.300000,435.300000,23,94,140,170,1300,1800,13000,20000,26000,27000,27000,135553,135504,23,698.1590105954886,0.8970830240286887,27261.581624974497,115.96665510907172
1719703526,5000,,Aggregated,433.200000,433.200000,24,94,140,170,1300,1800,13000,20000,26000,27000,27000,136240,136191,24,695.6609930628692,0.8970830240286887,27261.581624974497,115.9668232530828
1719703527,5000,,Aggregated,452.700000,452.700000,24,94,140,170,1300,1800,13000,20000,26000,27000,27000,136918,136869,24,693.3007421556179,0.8970830240286887,27261.581624974497,115.96698753998744
1719703529,5000,,Aggregated,434.100000,434.100000,24,94,140,170,1300,1800,13000,20000,26000,27000,27000,137630,137581,24,691.2963105309635,0.8970830240286887,27261.581624974497,115.96715832304004
1719703530,5000,,Aggregated,454.300000,454.300000,24,94,140,170,1300,1800,13000,20000,26000,27000,27000,138240,138191,24,689.0964669677742,0.8970830240286887,27261.581624974497,115.96730324074075
1719703532,5000,,Aggregated,433.700000,433.700000,24,95,140,170,1300,1800,13000,20000,26000,27000,27000,139016,138967,24,693.6819697477853,0.8970830240286887,27261.581624974497,115.96748575703516
1719703533,5000,,Aggregated,454.200000,454.200000,24,95,140,170,1300,1800,13000,20000,26000,27000,27000,139790,139741,24,700.7509193193648,0.8970830240286887,27261.581624974497,115.96766578439087
1719703534,5000,,Aggregated,438.800000,438.800000,24,95,140,170,1300,1800,13000,20000,26000,27000,27000,140500,140451,24,704.2296913586779,0.8970830240286887,27261.581624974497,115.96782918149466
1719703535,5000,,Aggregated,476.700000,476.700000,25,95,140,170,1300,1800,13000,20000,26000,27000,27000,140995,140946,25,702.4469700093802,0.8970830240286887,27261.581624974497,115.9679421256073
1719703536,5000,,Aggregated,470.400000,470.400000,24,95,140,170,1300,1800,13000,20000,26000,27000,27000,141242,141193,24,701.7989704618087,0.8970830240286887,27261.581624974497,115.96799818750796
1719703538,5000,,Aggregated,444.200000,444.200000,24,96,140,170,1300,1800,13000,20000,26000,27000,27000,141966,141917,24,699.7642465741533,0.8970830240286887,27261.581624974497,115.96816139075553
1719703539,5000,,Aggregated,465.800000,465.800000,25,96,140,180,1300,1800,13000,20000,26000,27000,27000,142756,142707,25,698.4830061175301,0.8970830240286887,27261.581624974497,115.96833758300878
1719703541,5000,,Aggregated,456.600000,456.600000,26,97,140,180,1400,1800,13000,20000,26000,27000,27000,143602,143553,26,707.5627627732664,0.8970830240286887,27261.581624974497,115.96852411526302
1719703542,5000,,Aggregated,452.200000,452.200000,26,97,140,180,1400,1800,13000,20000,26000,27000,27000,144302,144253,26,707.4216447883697,0.8970830240286887,27261.581624974497,115.96867680281632
1719703544,5000,,Aggregated,486.800000,486.800000,26,97,140,180,1400,1800,13000,20000,26000,27000,27000,144970,144921,26,705.2664676990303,0.8970830240286887,27261.581624974497,115.96882113540732
1719703545,5000,,Aggregated,469.300000,469.300000,26,97,140,180,1400,1800,13000,20000,26000,27000,27000,145681,145632,26,706.9108540801324,0.8970830240286887,27261.581624974497,115.96897330468627
1719703547,5000,,Aggregated,471.300000,471.300000,25,97,140,180,1400,1800,13000,20000,26000,27000,27000,146275,146226,25,708.2152813739674,0.8970830240286887,27261.581624974497,115.96909929926508
1719703548,5000,,Aggregated,478.200000,478.200000,26,97,140,180,1400,1800,13000,20000,26000,27000,27000,146820,146771,26,707.7439718973226,0.8970830240286887,27261.581624974497,115.96921400354175
1719703550,5000,,Aggregated,470.400000,470.400000,26,97,140,180,1400,1800,13000,20000,26000,27000,27000,147435,147386,26,708.8346950973705,0.8970830240286887,27261.581624974497,115.96934242208431
1719703551,5000,,Aggregated,467.400000,467.400000,26,97,140,180,1400,1800,13000,20000,26000,27000,27000,148022,147973,26,712.4538675130208,0.8970830240286887,27261.581624974497,115.9694639985948
1719703552,5000,,Aggregated,467.900000,467.900000,26,97,140,180,1400,1800,13000,20000,26000,27000,27000,148488,148439,26,712.6391469058185,0.8970830240286887,27261.581624974497,115.96955982975055
1719703553,5000,,Aggregated,435.600000,435.600000,27,97,140,180,1400,1800,13000,20000,26000,27000,27000,148801,148752,27,712.647705571831,0.8970830240286887,27261.581624974497,115.96962386005471
1719703554,5000,,Aggregated,407.900000,407.900000,26,97,140,180,1400,1800,13000,20000,26000,27000,27000,149061,149012,26,712.9648371154001,0.8970830240286887,27261.581624974497,115.96967684370829
1719703556,5000,,Aggregated,402.600000,402.600000,26,97,140,180,1400,1800,13000,20000,26000,27000,27000,149530,149481,26,712.1491294696364,0.8970830240286887,27261.581624974497,115.96977195211663
1719703557,5000,,Aggregated,367.400000,367.400000,26,97,140,180,1400,1800,13000,20000,26000,27000,27000,150054,150005,26,711.8649059992341,0.8970830240286887,27261.581624974497,115.96987751076279
1719703558,5000,,Aggregated,352.800000,352.800000,26,97,140,180,1400,1800,13000,20000,26000,27000,27000,150558,150509,26,711.614381421562,0.8970830240286887,27261.581624974497,115.96997834721503
1719703560,5000,,Aggregated,375.400000,375.400000,26,97,140,180,1400,1800,13000,20000,26000,27000,27000,151230,151181,26,721.4051101013805,0.8970830240286887,27261.581624974497,115.97011175031409
1719703561,5000,,Aggregated,338.500000,338.500000,26,97,140,180,1400,1900,13000,20000,26000,27000,27000,151853,151804,26,721.9999904543981,0.8970830240286887,27261.581624974497,115.97023437139866
1719703563,5000,,Aggregated,379.500000,379.500000,26,98,140,180,1400,1800,13000,20000,26000,27000,27000,152453,152404,26,719.9943898507565,0.8970830240286887,27261.581624974497,115.97035151817282
1719703564,5000,,Aggregated,365.700000,365.700000,26,98,140,180,1400,1800,13000,20000,26000,27000,27000,153109,153060,26,718.096317556858,0.8970830240286887,27261.581624974497,115.97047854796256
1719703565,5000,,Aggregated,396.500000,396.500000,26,98,140,180,1400,1800,13000,20000,26000,27000,27000,153510,153461,26,717.2599294027424,0.8970830240286887,27261.581624974497,115.97055566412611
1719703566,5000,,Aggregated,405.400000,405.400000,26,98,140,180,1400,1800,13000,20000,26000,27000,27000,153685,153636,26,716.4987325217672,0.8970830240286887,27261.581624974497,115.9705891921788
1719703567,5000,,Aggregated,394.300000,394.300000,26,98,140,180,1400,1800,13000,20000,26000,27000,27000,154355,154306,26,718.2541696826439,0.8970830240286887,27261.581624974497,115.97071685400537
1719703569,5000,,Aggregated,415.300000,415.300000,26,98,140,180,1400,1800,13000,20000,26000,27000,27000,155064,155015,26,726.8439129344998,0.8970830240286887,27261.581624974497,115.97085074549864
1719703570,5000,,Aggregated,410.600000,410.600000,26,98,140,180,1400,1900,13000,20000,26000,27000,27000,155838,155789,26,736.1985654981694,0.8970830240286887,27261.581624974497,115.97099552098975
1719703572,5000,,Aggregated,450.600000,450.600000,26,98,140,180,1400,1900,13000,20000,26000,27000,27000,156572,156523,26,743.1287046605013,0.8970830240286887,27261.581624974497,115.97113149222083
1719703573,5000,,Aggregated,433.900000,433.800000,27,99,140,180,1400,1900,13000,20000,26000,27000,27000,157311,157262,27,740.628613079796,0.8970830240286887,27261.581624974497,115.97126710783098
1719703574,5000,,Aggregated,471.900000,471.900000,27,99,140,180,1400,1900,13000,20000,26000,27000,27000,157749,157700,27,739.7032976887842,0.8970830240286887,27261.581624974497,115.97134688650958
1719703575,5000,,Aggregated,471.900000,471.900000,27,99,140,180,1400,1900,13000,20000,26000,27000,27000,157964,157915,27,738.7015442813126,0.8970830240286887,27261.581624974497,115.97138588539161
1719703576,5000,,Aggregated,445.500000,445.500000,27,99,140,180,1400,1800,13000,20000,26000,27000,27000,158694,158645,27,736.9175226553866,0.8970830240286887,27261.581624974497,115.97151751168916
1719703577,5000,,Aggregated,476.400000,476.400000,27,99,140,180,1400,1800,13000,20000,26000,27000,27000,159382,159333,27,734.6975345909104,0.8970830240286887,27261.581624974497,115.9716404612817
1719703579,5000,,Aggregated,491.700000,491.700000,27,99,140,180,1400,1800,13000,20000,26000,26000,27000,160103,160054,27,739.0758550708939,0.8970830240286887,27261.581624974497,115.97176817423784
1719703580,5000,,Aggregated,489.200000,489.200000,27,99,140,180,1400,1800,13000,20000,26000,27000,27000,160884,160835,27,746.7943514276478,0.8970830240286887,27261.581624974497,115.9719052236394
1719703581,5000,,Aggregated,503.900000,503.900000,27,99,140,180,1400,1800,13000,20000,26000,27000,27000,161429,161380,27,745.6102606196048,0.8970830240286887,27261.581624974497,115.97200007433608
1719703582,5000,,Aggregated,502.400000,502.400000,27,99,140,180,1400,1800,13000,20000,26000,27000,27000,161966,161917,27,743.7327428180973,0.8970830240286887,27261.581624974497,115.97209290838818
1719703583,5000,,Aggregated,518.200000,518.300000,26,98,140,180,1400,1800,13000,20000,26000,27000,27000,162300,162251,26,744.459614446621,0.8970830240286887,27261.581624974497,115.97215033887862
1719703584,5000,,Aggregated,522.200000,522.200000,26,99,140,180,1400,1800,13000,20000,26000,27000,27000,162829,162780,26,742.4325547074098,0.8970830240286887,27261.581624974497,115.97224081705347
1719703585,5000,,Aggregated,502.600000,502.600000,26,99,140,180,1400,1800,13000,20000,26000,27000,27000,163411,163362,26,742.4026979339505,0.8970830240286887,27261.581624974497,115.97233968337505
1719703587,5000,,Aggregated,532.100000,532.100000,26,99,140,180,1400,1800,13000,20000,26000,27000,27000,163993,163944,26,740.6853267690155,0.8970830240286887,27261.581624974497,115.97243784795693
1719703588,5000,,Aggregated,481.100000,481.100000,26,99,140,180,1400,1800,13000,20000,26000,27000,27000,164465,164416,26,739.3762106062517,0.8970830240286887,27261.581624974497,115.9725169488949
1719703590,5000,,Aggregated,490.100000,490.100000,26,98,140,180,1400,1800,13000,20000,26000,27000,27000,165038,164989,26,737.8707929082274,0.8970830240286887,27261.581624974497,115.9726123680607
1719703591,5000,,Aggregated,464.100000,464.100000,26,98,140,180,1400,1800,13000,20000,26000,27000,27000,165539,165490,26,738.7151168359455,0.8970830240286887,27261.581624974497,115.9726952561028
1719703593,5000,,Aggregated,433.200000,433.200000,26,98,140,180,1400,1800,13000,20000,26000,27000,27000,166076,166027,26,737.7216024697569,0.8970830240286887,27261.581624974497,115.97278354488307
1719703594,5000,,Aggregated,404.300000,404.300000,26,98,140,180,1400,1800,13000,20000,26000,27000,27000,166672,166623,26,737.1536642936945,0.8970830240286887,27261.581624974497,115.97288086781224
1719703595,5000,,Aggregated,385.400000,385.400000,26,98,140,180,1400,1800,13000,20000,26000,27000,27000,167254,167205,26,739.1663031770122,0.8970830240286887,27261.581624974497,115.97297523527091
1719703597,5000,,Aggregated,391.600000,391.600000,26,98,140,180,1400,1900,13000,20000,26000,27000,27000,167916,167867,26,744.1783761561733,0.8970830240286887,27261.581624974497,115.97308177898474
1719703598,5000,,Aggregated,390.200000,390.200000,26,98,140,180,1400,1900,13000,20000,26000,27000,27000,168582,168533,26,744.5034111430278,0.8970830240286887,27261.581624974497,115.97318812210082
1719703600,5000,,Aggregated,392.300000,392.300000,26,98,140,180,1400,1900,13000,20000,26000,27000,27000,169184,169135,26,742.8140320591443,0.8970830240286887,27261.581624974497,115.9732835256289
1719703601,5000,,Aggregated,387.300000,387.300000,26,98,140,180,1400,1900,13000,20000,26000,27000,27000,169853,169804,26,740.6340856438092,0.8970830240286887,27261.581624974497,115.97338875380476
1719703602,5000,,Aggregated,414.600000,414.600000,26,98,140,180,1400,1800,13000,20000,26000,27000,27000,170487,170438,26,738.5953154897815,0.8970830240286887,27261.581624974497,115.97348771460581
1719703603,5000,,Aggregated,425.500000,425.500000,26,99,140,180,1400,1800,13000,20000,26000,27000,27000,170947,170898,26,737.3440065875639,0.8970830240286887,27261.581624974497,115.9735590563157
1719703604,5000,,Aggregated,411.200000,411.200000,26,99,140,180,1400,1800,13000,20000,26000,27000,27000,171263,171214,26,742.7250322320693,0.8970830240286887,27261.581624974497,115.97360784290828
1719703606,5000,,Aggregated,441.100000,441.100000,26,99,140,180,1400,1900,13000,20000,26000,27000,27000,171897,171848,26,746.1294764973326,0.8970830240286887,27261.581624974497,115.97370518391827
1719703607,5000,,Aggregated,441.300000,441.300000,26,99,140,180,1400,1900,13000,20000,26000,27000,27000,172592,172543,26,750.821845843138,0.8970830240286887,27261.581624974497,115.9738110688792
1719703609,5000,,Aggregated,458.400000,458.400000,26,99,140,180,1400,1900,13000,20000,26000,27000,27000,173331,173282,26,755.0204150558958,0.8970830240286887,27261.581624974497,115.97392272588284
1719703610,5000,,Aggregated,446.300000,446.300000,26,99,140,180,1400,1900,13000,20000,26000,27000,27000,174037,173988,26,752.8135427842851,0.8970830240286887,27261.581624974497,115.97402851117866
1719703612,5000,,Aggregated,471.400000,471.400000,26,99,140,180,1400,1900,13000,20000,26000,27000,27000,174775,174726,26,753.8421322695455,0.8970830240286887,27261.581624974497,115.97413817765698
1719703613,5000,,Aggregated,450.000000,450.000000,26,99,140,180,1400,1800,13000,20000,26000,27000,27000,175542,175493,26,752.0283255957792,0.8970830240286887,27261.581624974497,115.97425117635666
1719703615,5000,,Aggregated,482.600000,482.600000,26,99,140,180,1400,1800,13000,20000,26000,27000,27000,176303,176254,26,750.2292428881209,0.8970830240286887,27261.581624974497,115.974362319416
1719703616,5000,,Aggregated,467.800000,467.800000,26,99,140,180,1400,1800,13000,20000,26000,27000,27000,177052,177003,26,755.4442188753633,0.8970830240286887,27261.581624974497,115.97447077694689
1719703618,5000,,Aggregated,487.800000,487.800000,26,99,140,180,1400,1900,13000,20000,26000,27000,27000,177809,177760,26,759.2921911715995,0.8970830240286887,27261.581624974497,115.97457946448155
1719703619,5000,,Aggregated,492.700000,492.700000,26,99,140,180,1400,1900,13000,20000,26000,27000,27000,178474,178425,26,759.2811946847022,0.8970830240286887,27261.581624974497,115.97467418223383
1719703620,5000,,Aggregated,489.100000,489.100000,26,99,140,180,1400,1800,13000,20000,26000,27000,27000,179116,179067,26,757.9193892439743,0.8970830240286887,27261.581624974497,115.97476495678778
1719703622,5000,,Aggregated,513.000000,513.000000,26,99,140,180,1400,1800,13000,20000,26000,27000,27000,179712,179663,26,755.9085197686901,0.8970830240286887,27261.581624974497,115.97484864672364
1719703623,5000,,Aggregated,501.300000,501.300000,26,99,140,180,1400,1800,13000,20000,26000,27000,27000,180324,180275,26,755.1050328955133,0.8970830240286887,27261.581624974497,115.97493400767507
1719703624,5000,,Aggregated,493.700000,493.700000,26,99,140,180,1400,1800,13000,20000,26000,27000,27000,180926,180877,26,754.2763379669268,0.8970830240286887,27261.581624974497,115.975017410433
1719703626,5000,,Aggregated,489.900000,489.900000,26,99,140,180,1400,1800,13000,20000,26000,27000,27000,181419,181370,26,753.4315644856595,0.8970830240286887,27261.581624974497,115.97508529977566
1719703627,5000,,Aggregated,473.100000,473.100000,26,99,140,180,1400,1800,13000,20000,26000,27000,27000,182029,181980,26,752.6254607487341,0.8970830240286887,27261.581624974497,115.97516879178592
1719703629,5000,,Aggregated,452.100000,452.100000,26,99,140,180,1400,1800,13000,20000,26000,27000,27000,182658,182609,26,752.1617473130983,0.8970830240286887,27261.581624974497,115.97525430038651
1719703630,5000,,Aggregated,430.600000,430.600000,26,98,140,180,1400,1800,13000,20000,26000,27000,27000,183237,183188,26,751.1075529676342,0.8970830240286887,27261.581624974497,115.97533249289172
1719703631,5000,,Aggregated,419.700000,419.700000,26,98,140,180,1400,1800,13000,20000,26000,27000,27000,183830,183781,26,751.3597840980766,0.8970830240286887,27261.581624974497,115.97541206549529
1719703633,5000,,Aggregated,420.700000,420.700000,25,98,140,180,1400,1900,13000,20000,26000,27000,27000,184481,184432,25,752.2909657065111,0.8970830240286887,27261.581624974497,115.97549883185802
1719703634,5000,,Aggregated,411.800000,411.800000,25,98,140,180,1400,1900,13000,20000,26000,27000,27000,185083,185034,25,753.6699681638361,0.8970830240286887,27261.581624974497,115.97557852422968
1719703636,5000,,Aggregated,420.500000,420.500000,25,98,140,180,1400,1900,13000,20000,26000,27000,27000,185736,185687,25,752.6939125270338,0.8970830240286887,27261.581624974497,115.97566438385665
1719703637,5000,,Aggregated,419.100000,419.100000,25,98,140,180,1400,1900,13000,20000,26000,27000,27000,186411,186362,25,750.6373579976096,0.8970830240286887,27261.581624974497,115.97575250387584
1719703639,5000,,Aggregated,431.700000,431.700000,25,98,140,180,1400,1800,13000,20000,26000,27000,27000,187021,186972,25,749.1534884338853,0.8970830240286887,27261.581624974497,115.97583159110474
1719703640,5000,,Aggregated,442.400000,442.400000,25,98,140,170,1400,1800,13000,20000,26000,27000,27000,187695,187646,25,749.5908069483112,0.8970830240286887,27261.581624974497,115.97591837821999
1719703641,5000,,Aggregated,436.300000,436.300000,25,98,140,170,1400,1800,13000,20000,26000,27000,27000,188390,188341,25,752.6120173370106,0.8970830240286887,27261.581624974497,115.97600721906683
1719703643,5000,,Aggregated,431.400000,431.400000,25,98,140,170,1400,1900,13000,20000,26000,27000,27000,188828,188779,25,756.4605151118333,0.8970830240286887,27261.581624974497,115.97606287203169
1719703645,5000,,Aggregated,464.900000,464.900000,25,98,140,180,1400,1900,13000,20000,26000,27000,27000,189581,189532,25,760.1157064572949,0.8970830240286887,27261.581624974497,115.9761579483176
1719703646,5000,,Aggregated,408.900000,408.900000,26,99,140,180,1400,1900,13000,20000,26000,27000,27000,190441,190392,26,765.7540862476031,0.8970830240286887,27261.581624974497,115.97626561507238
1719703648,5000,,Aggregated,435.600000,435.600000,26,99,140,180,1400,1900,13000,20000,26000,27000,27000,191140,191091,26,765.3079808720404,0.8970830240286887,27261.581624974497,115.97635241184472
1719703650,5000,,Aggregated,442.900000,442.900000,26,99,140,180,1400,1900,13000,20000,26000,27000,27000,191920,191871,26,763.3596656382548,0.8970830240286887,27261.581624974497,115.97644852021676
1719703651,5000,,Aggregated,468.800000,468.800000,26,99,140,180,1400,1900,13000,20000,26000,27000,27000,192630,192581,26,762.0328550154981,0.8970830240286887,27261.581624974497,115.9765353267923
1719703652,5000,,Aggregated,446.400000,446.400000,26,99,140,180,1400,1900,13000,20000,26000,27000,27000,193373,193324,26,764.4610735983659,0.8970830240286887,27261.581624974497,115.97662548546074
1719703654,5000,,Aggregated,469.900000,469.900000,26,99,140,180,1400,1900,13000,20000,26000,27000,27000,194105,194056,26,766.5122090536591,0.8970830240286887,27261.581624974497,115.97671363437316
1719703655,5000,,Aggregated,474.100000,474.100000,26,99,140,180,1400,1900,13000,20000,26000,27000,27000,194808,194759,26,768.7658576792111,0.8970830240286887,27261.581624974497,115.97679766744692
1719703657,5000,,Aggregated,512.400000,512.400000,26,100,140,180,1400,1900,13000,20000,26000,27000,27000,195409,195360,26,768.4216756722815,0.8970830240286887,27261.581624974497,115.97686902855037
1719703658,5000,,Aggregated,479.600000,479.600000,26,100,140,180,1400,1900,13000,20000,26000,27000,27000,196024,195975,26,767.6961016679777,0.8970830240286887,27261.581624974497,115.97694159898788
1719703659,5000,,Aggregated,474.200000,474.200000,25,99,140,180,1400,1900,13000,20000,26000,27000,27000,196631,196582,25,766.2760525827152,0.8970830240286887,27261.581624974497,115.97701278028389
1719703661,5000,,Aggregated,487.900000,487.900000,25,99,140,180,1400,1900,13000,20000,26000,27000,27000,197160,197111,25,765.4275504459836,0.8970830240286887,27261.581624974497,115.97707445729357
1719703662,5000,,Aggregated,485.200000,485.200000,25,99,140,180,1400,1900,13000,20000,26000,27000,27000,197678,197629,25,764.7728068929525,0.8970830240286887,27261.581624974497,115.97713453191554
1719703664,5000,,Aggregated,453.300000,453.300000,25,99,140,180,1400,1900,13000,20000,26000,27000,27000,198284,198235,25,765.8766272185651,0.8970830240286887,27261.581624974497,115.97720441387101
1719703665,5000,,Aggregated,438.800000,438.800000,25,99,140,180,1400,1900,13000,20000,26000,27000,27000,198774,198725,25,765.1835730143933,0.8970830240286887,27261.581624974497,115.97726060752413
1719703666,5000,,Aggregated,417.900000,417.900000,25,99,140,180,1400,1900,13000,20000,26000,27000,27000,199109,199060,25,764.0490206818293,0.8970830240286887,27261.581624974497,115.97729886645004
1719703667,5000,,Aggregated,407.200000,407.200000,25,99,140,180,1400,1900,13000,20000,26000,27000,27000,199383,199334,25,764.6553977301718,0.8970830240286887,27261.581624974497,115.9773300632451
1719703668,5000,,Aggregated,407.200000,407.200000,25,99,140,170,1400,1900,13000,20000,26000,27000,27000,199766,199717,25,764.6138300170235,0.8970830240286887,27261.581624974497,115.97737352702661
1719703669,5000,,Aggregated,383.100000,383.100000,25,99,140,180,1400,1900,13000,20000,26000,27000,27000,200352,200303,25,768.5005060772862,0.8970830240286887,27261.581624974497,115.97743970611724
1719703671,5000,,Aggregated,374.700000,374.700000,24,99,140,170,1400,1900,13000,20000,26000,27000,27000,200859,200810,24,770.907579098858,0.8970830240286887,27261.581624974497,115.97749665188017
1719703672,5000,,Aggregated,384.300000,384.300000,25,99,140,180,1400,1900,13000,20000,26000,27000,27000,201417,201368,25,773.1286254001983,0.8970830240286887,27261.581624974497,115.9775589945238
1719703673,5000,,Aggregated,369.900000,369.900000,24,99,140,180,1400,1900,13000,20000,26000,27000,27000,201951,201902,24,772.2600600094793,0.8970830240286887,27261.581624974497,115.97761833316002
1719703675,5000,,Aggregated,375.400000,375.400000,24,99,140,180,1400,1900,13000,20000,26000,27000,27000,202585,202536,24,771.1146382627433,0.8970830240286887,27261.581624974497,115.977688377718
1719703676,5000,,Aggregated,390.500000,390.500000,24,99,140,170,1400,1900,13000,20000,26000,27000,27000,203196,203147,24,769.6797539328746,0.8970830240286887,27261.581624974497,115.97775546762732
1719703677,5000,,Aggregated,385.600000,385.600000,24,99,140,180,1400,1900,13000,20000,26000,27000,27000,203810,203761,24,769.0648828781151,0.8970830240286887,27261.581624974497,115.97782248172318
1719703678,5000,,Aggregated,401.300000,401.300000,25,99,140,180,1400,1900,13000,20000,26000,27000,27000,204302,204253,25,769.9004322627095,0.8970830240286887,27261.581624974497,115.9778758896144
1719703679,5000,,Aggregated,406.800000,406.800000,24,99,140,180,1400,1900,13000,20000,26000,27000,27000,204482,204433,24,769.3864150495988,0.8970830240286887,27261.581624974497,115.97789536487319
1719703681,5000,,Aggregated,404.400000,404.400000,25,99,140,180,1400,1900,13000,20000,26000,27000,27000,205169,205120,25,778.6619348972422,0.8970830240286887,27261.581624974497,115.97796938133929
1719703682,5000,,Aggregated,403.500000,403.500000,25,99,140,180,1400,1900,13000,20000,26000,27000,27000,205892,205843,25,780.76023321376,0.8970830240286887,27261.581624974497,115.97804674295261
1719703683,5000,,Aggregated,431.000000,431.000000,25,100,140,180,1400,1900,13000,20000,26000,27000,27000,206606,206557,25,787.6763989933572,0.8970830240286887,27261.581624974497,115.97812261018557
1719703684,5000,,Aggregated,441.800000,441.800000,25,100,140,180,1400,1900,13000,20000,26000,27000,27000,207302,207253,25,788.9344563153998,0.8970830240286887,27261.581624974497,115.97819606178426
1719703685,5000,,Aggregated,439.200000,439.200000,25,100,140,180,1400,1900,13000,20000,26000,27000,27000,207759,207710,25,790.6921675502784,0.8970830240286887,27261.581624974497,115.97824402312294
1719703686,5000,,Aggregated,460.300000,460.300000,25,100,140,180,1400,1900,13000,20000,26000,27000,27000,208238,208189,25,789.6145114810197,0.8970830240286887,27261.581624974497,115.97829406736523
1719703688,5000,,Aggregated,471.700000,471.700000,25,100,140,180,1400,1900,13000,20000,26000,27000,27000,208773,208724,25,791.5351121580037,0.8970830240286887,27261.581624974497,115.97834969081251
1719703689,5000,,Aggregated,508.500000,508.500000,25,100,140,180,1400,1900,13000,20000,26000,27000,27000,209574,209525,25,790.393390579077,0.8970830240286887,27261.581624974497,115.97843243913844
1719703690,5000,,Aggregated,496.300000,496.300000,24,99,140,180,1400,1900,13000,20000,26000,27000,27000,210140,210091,24,788.4725619699285,0.8970830240286887,27261.581624974497,115.97849053012277
1719703692,5000,,Aggregated,545.400000,545.400000,24,100,140,180,1400,1900,13000,20000,26000,27000,27000,210829,210780,24,788.3193546101877,0.8970830240286887,27261.581624974497,115.97856082417505
1719703693,5000,,Aggregated,523.600000,523.600000,24,100,140,180,1400,1900,13000,20000,26000,27000,27000,211671,211622,24,786.7849695465301,0.8970830240286887,27261.581624974497,115.97864610645766
1719703694,5000,,Aggregated,504.400000,504.400000,24,100,140,180,1400,1900,13000,20000,26000,27000,27000,212341,212292,24,785.8848906621307,0.8970830240286887,27261.581624974497,115.97871348444248
1719703696,5000,,Aggregated,531.900000,531.900000,24,100,140,180,1400,1900,13000,20000,26000,27000,27000,212962,212913,24,784.6231398268142,0.8970830240286887,27261.581624974497,115.97877555620252
1719703697,5000,,Aggregated,503.900000,503.900000,24,100,140,180,1400,1900,13000,20000,26000,27000,27000,213554,213505,24,782.7549079304393,0.8970830240286887,27261.581624974497,115.97883439317457
1719703698,5000,,Aggregated,513.900000,513.900000,24,99,140,180,1400,1900,13000,20000,26000,27000,27000,214088,214039,24,781.5592798631254,0.8970830240286887,27261.581624974497,115.97888718657748
1719703700,5000,,Aggregated,499.700000,499.700000,24,99,140,180,1400,1900,13000,20000,26000,27000,27000,214669,214620,24,780.2662226213546,0.8970830240286887,27261.581624974497,115.97894432824488
1719703701,5000,,Aggregated,458.500000,458.500000,24,99,140,170,1400,1900,13000,20000,26000,27000,27000,215317,215268,24,779.4460790550979,0.8970830240286887,27261.581624974497,115.97900769563016
1719703703,5000,,Aggregated,456.500000,456.500000,24,100,140,170,1400,1900,13000,20000,26000,27000,27000,215872,215823,24,779.084965371439,0.8970830240286887,27261.581624974497,115.97906166617254
1719703704,5000,,Aggregated,461.500000,461.500000,24,100,140,170,1400,1900,13000,20000,26000,27000,27000,216481,216432,24,779.4362905022807,0.8970830240286887,27261.581624974497,115.97912056947261
1719703706,5000,,Aggregated,430.200000,430.200000,24,100,140,180,1400,1900,13000,20000,26000,27000,27000,217090,217041,24,778.584298534451,0.8970830240286887,27261.581624974497,115.97917914229122
1719703707,5000,,Aggregated,428.200000,428.200000,24,100,140,180,1400,1900,13000,20000,26000,27000,27000,217696,217647,24,778.554382108579,0.8970830240286887,27261.581624974497,115.97923710127884
1719703709,5000,,Aggregated,412.800000,412.800000,24,100,140,170,1400,1900,13000,20000,26000,27000,27000,218269,218220,24,776.743733913813,0.8970830240286887,27261.581624974497,115.97929160806162
1719703710,5000,,Aggregated,414.500000,414.500000,24,99,140,170,1400,1900,13000,20000,26000,27000,27000,218934,218885,24,775.8129784726001,0.8970830240286887,27261.581624974497,115.97935450866471
1719703711,5000,,Aggregated,418.100000,418.100000,24,99,140,170,1400,1900,13000,20000,26000,27000,27000,219547,219498,24,773.9485350518269,0.8970830240286887,27261.581624974497,115.97941215320637
1719703713,5000,,Aggregated,426.200000,426.200000,23,99,140,170,1400,1900,13000,20000,26000,27000,27000,220174,220125,23,772.3018529645339,0.8970830240286887,27261.581624974497,115.97947078219953
1719703714,5000,,Aggregated,410.400000,410.400000,23,99,140,170,1400,1900,13000,20000,26000,27000,27000,220850,220801,23,777.3343848603723,0.8970830240286887,27261.581624974497,115.97953362010415
1719703716,5000,,Aggregated,438.000000,438.000000,23,99,140,170,1400,1900,13000,20000,26000,27000,27000,221556,221507,23,779.958862397532,0.8970830240286887,27261.581624974497,115.97959883731427
1719703717,5000,,Aggregated,438.000000,438.000000,23,99,140,170,1400,1900,13000,20000,26000,27000,27000,222157,222108,23,782.8245966175668,0.8970830240286887,27261.581624974497,115.97965402845735
1719703719,5000,,Aggregated,446.400000,446.400000,24,100,140,170,1400,1900,13000,20000,26000,27000,27000,222911,222862,24,785.3054723387579,0.8970830240286887,27261.581624974497,115.97972284902943
1719703721,5000,,Aggregated,412.200000,412.200000,24,100,140,180,1400,1900,13000,20000,26000,27000,27000,223731,223682,24,784.84561667457,0.8970830240286887,27261.581624974497,115.97979716713374
1719703722,5000,,Aggregated,425.600000,425.600000,24,100,140,180,1400,1900,13000,20000,26000,27000,27000,224442,224393,24,783.5475956298915,0.8970830240286887,27261.581624974497,115.97986116680478
1719703724,5000,,Aggregated,480.400000,480.400000,24,100,140,180,1400,1900,13000,20000,26000,27000,27000,225137,225088,24,781.4925418637021,0.8970830240286887,27261.581624974497,115.97992333556901
1719703725,5000,,Aggregated,453.300000,453.300000,24,100,140,180,1400,1900,13000,20000,26000,27000,27000,225825,225776,24,782.4901268208299,0.8970830240286887,27261.581624974497,115.97998450127311
1719703727,5000,,Aggregated,442.500000,442.500000,24,100,140,180,1400,1900,13000,20000,26000,27000,27000,226553,226504,24,785.5274956690923,0.8970830240286887,27261.581624974497,115.98004881859873
1719703728,5000,,Aggregated,462.900000,462.900000,24,100,140,180,1400,1900,13000,20000,26000,27000,27000,227254,227205,24,789.3080045461237,0.8970830240286887,27261.581624974497,115.98011036109375
1719703729,5000,,Aggregated,439.600000,439.600000,24,100,140,180,1400,1900,13000,20000,26000,27000,27000,227941,227892,24,791.8792501760281,0.8970830240286887,27261.581624974497,115.98017030722862
1719703731,5000,,Aggregated,504.000000,504.000000,24,100,140,180,1400,1900,13000,20000,26000,27000,27000,228618,228569,24,791.9436069879056,0.8970830240286887,27261.581624974497,115.98022902833547
1719703732,5000,,Aggregated,485.600000,485.600000,24,100,140,180,1400,1900,13000,20000,26000,27000,27000,229275,229226,24,790.9703274574425,0.8970830240286887,27261.581624974497,115.98028568313161
1719703734,5000,,Aggregated,488.700000,488.700000,24,100,140,180,1400,1900,13000,20000,26000,27000,27000,229801,229752,24,790.3532245140676,0.8970830240286887,27261.581624974497,115.98033080795993
1719703735,5000,,Aggregated,487.500000,487.500000,24,100,140,180,1400,1900,13000,20000,26000,27000,27000,230360,230311,24,789.1853810107928,0.8970830240286887,27261.581624974497,115.98037853794061
1719703736,5000,,Aggregated,466.600000,466.600000,24,100,140,180,1400,1900,13000,20000,26000,27000,27000,230943,230894,24,789.1465888089464,0.8970830240286887,27261.581624974497,115.98042807099587
1719703738,5000,,Aggregated,464.400000,464.400000,24,100,140,180,1400,1900,13000,20000,26000,27000,27000,231555,231506,24,789.3991734085613,0.8970830240286887,27261.581624974497,115.98047979961564
1719703739,5000,,Aggregated,439.000000,439.000000,24,100,140,180,1400,1900,13000,20000,26000,27000,27000,232060,232011,24,788.3507300496481,0.8970830240286887,27261.581624974497,115.98052227872103
1719703741,5000,,Aggregated,435.800000,435.800000,24,100,140,170,1400,1900,13000,20000,26000,27000,27000,232640,232591,24,787.7872665399299,0.8970830240286887,27261.581624974497,115.98057083906465
1719703742,5000,,Aggregated,420.000000,420.000000,24,100,140,180,1400,1900,13000,20000,26000,27000,27000,233265,233216,24,790.1591368968435,0.8970830240286887,27261.581624974497,115.98062289670547
1719703743,5000,,Aggregated,402.200000,402.200000,24,100,140,170,1400,1900,13000,20000,26000,27000,27000,233828,233779,24,791.613975386729,0.8970830240286887,27261.581624974497,115.98066955197838
1719703744,5000,,Aggregated,405.600000,405.600000,25,100,140,180,1400,1900,13000,20000,26000,27000,27000,234206,234157,25,791.8680435418537,0.8970830240286887,27261.581624974497,115.98070075062125
1719703745,5000,,Aggregated,397.400000,397.400000,24,100,140,180,1400,1900,13000,20000,26000,27000,27000,234469,234420,24,791.4736738632953,0.8970830240286887,27261.581624974497,115.98072239827013
1719703747,5000,,Aggregated,402.700000,402.700000,24,100,140,180,1400,1900,13000,20000,26000,27000,27000,235133,235084,24,790.5496588587478,0.8970830240286887,27261.581624974497,115.9807768369391
1719703748,5000,,Aggregated,411.400000,411.400000,25,100,140,180,1400,1900,13000,20000,26000,27000,27000,235720,235671,25,789.0834751699099,0.8970830240286887,27261.581624974497,115.98082470727982
1719703749,5000,,Aggregated,419.000000,419.000000,24,100,140,170,1400,1900,13000,20000,26000,27000,27000,236369,236320,24,787.2819625814753,0.8970830240286887,27261.581624974497,115.98087735701382
1719703751,5000,,Aggregated,410.800000,410.800000,24,100,140,170,1400,1900,13000,20000,26000,27000,27000,236918,236869,24,785.9480698650556,0.8970830240286887,27261.581624974497,115.9809216691007
1719703752,5000,,Aggregated,433.900000,433.900000,24,100,140,170,1400,1900,13000,20000,26000,27000,27000,237478,237429,24,785.8020958381899,0.8970830240286887,27261.581624974497,115.9809666579641
1719703754,5000,,Aggregated,427.800000,427.800000,24,100,140,170,1400,1900,13000,20000,26000,27000,27000,238183,238134,24,792.1673779532574,0.8970830240286887,27261.581624974497,115.98102299492407
1719703755,5000,,Aggregated,430.400000,430.400000,25,100,140,170,1400,1900,13000,20000,26000,27000,27000,238879,238830,25,798.1140999759971,0.8970830240286887,27261.581624974497,115.98107828649651
1719703757,5000,,Aggregated,435.500000,435.500000,25,100,140,170,1400,1900,13000,20000,26000,27000,27000,239654,239605,25,800.4344224643654,0.8970830240286887,27261.581624974497,115.98113947607801
1719703758,5000,,Aggregated,446.500000,446.500000,25,100,140,170,1400,1900,13000,20000,26000,27000,27000,240383,240334,25,802.5751691949239,0.8970830240286887,27261.581624974497,115.98119667364165
1719703760,5000,,Aggregated,452.100000,452.100000,24,100,140,170,1400,1900,13000,20000,26000,27000,27000,241095,241046,24,802.6825099615266,0.8970830240286887,27261.581624974497,115.98125220348825
1719703761,5000,,Aggregated,472.500000,472.500000,24,100,140,170,1400,1900,13000,20000,26000,27000,27000,241827,241778,24,800.8864770087446,0.8970830240286887,27261.581624974497,115.98130895226753
1719703763,5000,,Aggregated,451.300000,451.300000,25,100,140,170,1400,1900,13000,20000,26000,27000,27000,242552,242503,25,799.2415515968947,0.8970830240286887,27261.581624974497,115.98136482073947
1719703764,5000,,Aggregated,479.900000,479.900000,25,100,140,170,1400,1900,13000,20000,26000,27000,27000,243321,243272,25,799.8490681469139,0.8970830240286887,27261.581624974497,115.98142371599657
1719703765,5000,,Aggregated,469.200000,469.200000,25,100,140,170,1400,1900,13000,20000,26000,27000,27000,244003,243954,25,799.7703396902841,0.8970830240286887,27261.581624974497,115.98147563759461
1719703766,5000,,Aggregated,508.500000,508.500000,25,100,140,170,1400,1900,13000,20000,26000,27000,27000,244531,244482,25,801.5419170107635,0.8970830240286887,27261.581624974497,115.98151563605433
1719703767,5000,,Aggregated,490.000000,490.000000,25,100,140,170,1400,1900,13000,20000,26000,27000,27000,245008,244959,25,800.9572725747056,0.8970830240286887,27261.581624974497,115.98155162280415
1719703768,5000,,Aggregated,484.400000,484.400000,24,100,140,170,1400,1900,13000,20000,26000,27000,27000,245269,245220,24,800.8035819764418,0.8970830240286887,27261.581624974497,115.98157125441861
1719703769,5000,,Aggregated,501.100000,501.100000,25,100,140,170,1400,1900,13000,20000,26000,27000,27000,245853,245804,25,799.7437735144964,0.8970830240286887,27261.581624974497,115.98161503011963
1719703771,5000,,Aggregated,489.300000,489.300000,24,100,140,170,1400,1900,13000,20000,26000,27000,27000,246523,246474,24,799.726575650367,0.8970830240286887,27261.581624974497,115.98166499677515
1719703772,5000,,Aggregated,493.900000,493.900000,24,100,140,170,1400,1900,13000,20000,26000,27000,27000,247126,247077,24,799.2719375695312,0.8970830240286887,27261.581624974497,115.98170973511488
1719703774,5000,,Aggregated,472.400000,472.400000,24,100,140,170,1400,1900,13000,20000,26000,27000,27000,247746,247697,24,798.2315663033708,0.8970830240286887,27261.581624974497,115.98175550765704
1719703775,5000,,Aggregated,482.800000,482.800000,24,100,140,170,1400,1900,13000,20000,26000,27000,27000,248333,248284,24,797.5396886452764,0.8970830240286887,27261.581624974497,115.98179863328676
1719703776,5000,,Aggregated,447.800000,447.800000,24,100,140,170,1400,1900,13000,20000,26000,27000,27000,248957,248908,24,796.7446752181361,0.8970830240286887,27261.581624974497,115.98184425422865
1719703777,5000,,Aggregated,455.000000,455.000000,24,100,140,170,1400,1900,13000,20000,26000,27000,27000,249332,249283,24,796.0863350239871,0.8970830240286887,27261.581624974497,115.98187156081049
1719703778,5000,,Aggregated,450.800000,450.800000,24,100,140,170,1400,1900,13000,20000,26000,27000,27000,249626,249577,24,797.8377154768369,0.8970830240286887,27261.581624974497,115.98189291179605
1719703780,5000,,Aggregated,429.200000,429.200000,24,100,140,170,1400,1900,13000,20000,26000,26000,27000,250135,250086,24,797.7815936682699,0.8970830240286887,27261.581624974497,115.98192975793071
1719703781,5000,,Aggregated,429.600000,429.600000,24,100,140,170,1400,1900,13000,20000,26000,26000,27000,250854,250805,24,798.2883788435728,0.8970830240286887,27261.581624974497,115.9819815510217
1719703782,5000,,Aggregated,410.100000,410.100000,24,100,140,170,1400,1900,13000,20000,26000,26000,27000,251504,251455,24,797.5409408033679,0.8970830240286887,27261.581624974497,115.98202811883708
1719703784,5000,,Aggregated,430.600000,430.600000,24,100,140,170,1400,1900,13000,20000,26000,26000,27000,252124,252075,24,796.2636649715995,0.8970830240286887,27261.581624974497,115.98207231362346
1719703785,5000,,Aggregated,428.300000,428.300000,25,100,140,170,1400,1900,13000,20000,26000,26000,27000,252839,252790,25,794.7589644940487,0.8970830240286887,27261.581624974497,115.9821230110861
1719703787,5000,,Aggregated,437.800000,437.800000,25,100,140,170,1400,1900,13000,20000,26000,26000,27000,253490,253441,25,793.1394525162563,0.8970830240286887,27261.581624974497,115.98216892185096
1719703789,5000,,Aggregated,453.300000,453.300000,25,100,140,170,1400,1900,13000,20000,26000,26000,27000,254189,254140,25,795.9531014329552,0.8970830240286887,27261.581624974497,115.98221795593042
1719703790,5000,,Aggregated,452.500000,452.500000,25,100,140,170,1400,1900,13000,20000,26000,26000,27000,254915,254866,25,799.8105935367632,0.8970830240286887,27261.581624974497,115.98226859933703
1719703791,5000,,Aggregated,426.000000,426.000000,25,100,140,170,1400,1900,13000,20000,26000,26000,27000,255663,255614,25,800.0291944806341,0.8970830240286887,27261.581624974497,115.98232047656485
1719703793,5000,,Aggregated,475.400000,475.400000,25,100,140,170,1400,1900,13000,20000,26000,26000,27000,256367,256318,25,801.906601976239,0.8970830240286887,27261.581624974497,115.98236902565463
1719703795,5000,,Aggregated,446.600000,446.600000,25,100,140,170,1400,1900,13000,20000,26000,26000,27000,257105,257056,25,804.420336789993,0.8970830240286887,27261.581624974497,115.98241963400167
1719703796,5000,,Aggregated,472.000000,472.000000,25,100,140,170,1400,1900,13000,20000,26000,26000,27000,257833,257784,25,804.3478210248811,0.8970830240286887,27261.581624974497,115.98246927274631
1719703798,5000,,Aggregated,440.700000,440.700000,25,100,140,170,1400,1900,13000,20000,26000,26000,27000,258599,258550,25,805.7555135005441,0.8970830240286887,27261.581624974497,115.98252120077804
1719703799,5000,,Aggregated,483.500000,483.500000,25,100,140,170,1400,1900,13000,20000,26000,26000,27000,259336,259287,25,804.1279320259971,0.8970830240286887,27261.581624974497,115.98257087330721
1719703800,5000,,Aggregated,459.800000,459.800000,25,100,140,170,1400,1900,13000,20000,26000,26000,27000,259921,259872,25,803.0811194695532,0.8970830240286887,27261.581624974497,115.98261010076139
1719703801,5000,,Aggregated,510.000000,510.000000,26,100,140,170,1400,1900,13000,20000,26000,26000,27000,260318,260269,26,802.763871631148,0.8970830240286887,27261.581624974497,115.9826366213631
1719703802,5000,,Aggregated,491.000000,491.000000,25,100,140,170,1400,1900,13000,20000,26000,26000,27000,260711,260662,25,802.3417675308385,0.8970830240286887,27261.581624974497,115.98266279520234
1719703803,5000,,Aggregated,465.000000,465.000000,25,100,140,170,1400,1900,13000,20000,26000,26000,27000,261365,261316,25,802.2118360414825,0.8970830240286887,27261.581624974497,115.98270617718516
1719703805,5000,,Aggregated,493.500000,493.500000,25,100,140,170,1400,1900,13000,20000,26000,26000,27000,261979,261930,25,801.6224979496877,0.8970830240286887,27261.581624974497,115.98274670870566
1719703806,5000,,Aggregated,460.900000,460.900000,25,100,140,170,1400,1900,13000,20000,26000,26000,27000,262521,262472,25,800.2795823641802,0.8970830240286887,27261.581624974497,115.98278232979457
1719703808,5000,,Aggregated,487.400000,487.400000,25,100,140,170,1400,1900,13000,20000,26000,26000,27000,263163,263114,25,799.4346491317203,0.8970830240286887,27261.581624974497,115.98282433320793
1719703809,5000,,Aggregated,445.400000,445.400000,25,100,140,170,1400,1900,13000,20000,26000,26000,27000,263706,263657,25,800.1691524800863,0.8970830240286887,27261.581624974497,115.98285969981723
1719703811,5000,,Aggregated,456.400000,456.400000,25,100,140,170,1400,1900,13000,20000,26000,26000,27000,264254,264205,25,799.9580300416638,0.8970830240286887,27261.581624974497,115.98289524472666
1719703812,5000,,Aggregated,422.600000,422.600000,25,100,140,170,1400,1900,13000,20000,26000,26000,27000,264806,264757,25,799.7071044439541,0.8970830240286887,27261.581624974497,115.98293090035725
1719703813,5000,,Aggregated,420.800000,420.800000,25,100,140,170,1400,1900,13000,20000,26000,26000,27000,265420,265371,25,800.5675249300451,0.8970830240286887,27261.581624974497,115.98297038655716
1719703814,5000,,Aggregated,407.000000,407.000000,25,100,140,170,1400,1900,13000,20000,26000,26000,27000,265816,265767,25,801.7642305668384,0.8970830240286887,27261.581624974497,115.98299575646311
1719703815,5000,,Aggregated,401.600000,401.600000,25,100,140,170,1400,1900,13000,20000,26000,26000,27000,266035,265986,25,803.4044774129727,0.8970830240286887,27261.581624974497,115.98300975435563
1719703816,5000,,Aggregated,396.700000,396.700000,25,100,140,170,1400,1900,13000,20000,26000,26000,27000,266631,266582,25,804.8050695272193,0.8970830240286887,27261.581624974497,115.98304773263423
1719703818,5000,,Aggregated,402.700000,402.700000,25,100,140,170,1400,1900,13000,20000,26000,26000,27000,267250,267201,25,804.2591244860236,0.8970830240286887,27303.574457997456,115.98308699719364
1719703819,5000,,Aggregated,394.800000,394.800000,24,100,140,170,1400,1900,13000,20000,26000,26000,27000,267832,267783,24,803.6576687491753,0.8970830240286887,27303.574457997456,115.98312374921592
1719703821,5000,,Aggregated,408.700000,408.700000,24,100,140,170,1400,1900,13000,20000,26000,26000,27000,268420,268371,24,802.3646229608302,0.8970830240286887,27303.574457997456,115.98316071827733
1719703822,5000,,Aggregated,413.500000,413.500000,24,100,140,170,1400,1900,13000,20000,26000,26000,27000,269035,268986,24,800.9504857921343,0.8970830240286887,27303.574457997456,115.98319921199844
